ID,Form_ID,Form,Cognateset_ID,Doubt,Cognate_Detection_Method,Source,Alignment,Alignment_Method,Alignment_Source
MoroccanArabic-1_all-1-1,MoroccanArabic-1_all-1,koll,all,false,expert,Ratcliffe2021,,,
Maltese-1_all-1-1,Maltese-1_all-1,Koll_u,all,false,expert,Ratcliffe2021,,,
Cairene-1_all-1-1,Cairene-1_all-1,kull,all,false,expert,Ratcliffe2021,,,
Damascene-1_all-1-1,Damascene-1_all-1,kəll,all,false,expert,Ratcliffe2021,,,
Iraqi-1_all-1-1,Iraqi-1_all-1,kull,all,false,expert,Ratcliffe2021,,,
Soukhne-1_all-1-1,Soukhne-1_all-1,ʧill,all,false,expert,Ratcliffe2021,,,
AqraArbilArabic-1_all-1-1,AqraArbilArabic-1_all-1,kəll,all,false,expert,Ratcliffe2021,,,
CypriotArabic-1_all-1-1,CypriotArabic-1_all-1,kull,all,false,expert,Ratcliffe2021,,,
GulfArabic-1_all-1-1,GulfArabic-1_all-1,kil,all,false,expert,Ratcliffe2021,,,
YemeniticArabic-1_all-1-1,YemeniticArabic-1_all-1,kull,all,false,expert,Ratcliffe2021,,,
Buxari-1_all-1-1,Buxari-1_all-1,kullu,all,false,expert,Ratcliffe2021,,,
Kinubi-1_all-1-1,Kinubi-1_all-1,kulu,all,false,expert,Ratcliffe2021,,,
MoroccanArabic-2_ash-1-1,MoroccanArabic-2_ash-1,rˁm_adˁ,ash,false,expert,Ratcliffe2021,,,
Maltese-2_ash-1-1,Maltese-2_ash-1,rmi:_d,ash,false,expert,Ratcliffe2021,,,
Cairene-2_ash-1-1,Cairene-2_ash-1,ram_a:dˁ_*,ash,false,expert,Ratcliffe2021,,,
Damascene-2_ash-1-1,Damascene-2_ash-1,rama_:d,ash,false,expert,Ratcliffe2021,,,
Iraqi-2_ash-1-1,Iraqi-2_ash-1,ruma_:d,ash,false,expert,Ratcliffe2021,,,
AqraArbilArabic-2_ash-1-1,AqraArbilArabic-2_ash-1,rˁam_a:d,ash,false,expert,Ratcliffe2021,,,
CypriotArabic-2_ash-1-1,CypriotArabic-2_ash-1,rama_t_r-m-_d,ash,false,expert,Ratcliffe2021,,,
GulfArabic-2_ash-1-1,GulfArabic-2_ash-1,rama_ad,ash,false,expert,Ratcliffe2021,,,
Buxari-2_ash-1-1,Buxari-2_ash-1,ra’matt,ash,false,expert,Ratcliffe2021,,,
Kinubi-2_ash-1-1,Kinubi-2_ash-1,ruman,ash,false,expert,Ratcliffe2021,,,
MoroccanArabic-3_bark-1-1,MoroccanArabic-3_bark-1,qeʃ_rˁa,bark,false,expert,Ratcliffe2021,,,
Maltese-3_bark-1-1,Maltese-3_bark-1,ʔoʃr_a,bark,false,expert,Ratcliffe2021,,,
Cairene-3_bark-1-1,Cairene-3_bark-1,ʔiʃr*,bark,false,expert,Ratcliffe2021,,,
Iraqi-3_bark-1-1,Iraqi-3_bark-1,giʃra,bark,false,expert,Ratcliffe2021,,,
Soukhne-3_bark-1-1,Soukhne-3_bark-1,kiʃr,bark,false,expert,Ratcliffe2021,,,
GulfArabic-3_bark-1-1,GulfArabic-3_bark-1,giʃra,bark,false,expert,Ratcliffe2021,,,
YemeniticArabic-3_bark-1-1,YemeniticArabic-3_bark-1,giʃr,bark,false,expert,Ratcliffe2021,,,
NigerianArabic-3_bark-1-1,NigerianArabic-3_bark-1,li:he,bark,false,expert,Ratcliffe2021,,,
Cairene-4_belly-1-1,Cairene-4_belly-1,batˁ_n*,belly,false,expert,Ratcliffe2021,,,
Damascene-4_belly-1-1,Damascene-4_belly-1,batˁə_n,belly,false,expert,Ratcliffe2021,,,
Iraqi-4_belly-1-1,Iraqi-4_belly-1,batˁi_n,belly,false,expert,Ratcliffe2021,,,
Soukhne-4_belly-1-1,Soukhne-4_belly-1,batˁn,belly,false,expert,Ratcliffe2021,,,
CypriotArabic-4_belly-1-1,CypriotArabic-4_belly-1,patn_b-tˁ-_n,belly,false,expert,Ratcliffe2021,,,
GulfArabic-4_belly-1-1,GulfArabic-4_belly-1,batˤn,belly,false,expert,Ratcliffe2021,,,
YemeniticArabic-4_belly-1-1,YemeniticArabic-4_belly-1,batˁn,belly,false,expert,Ratcliffe2021,,,
Buxari-4_belly-1-1,Buxari-4_belly-1,batin,belly,false,expert,Ratcliffe2021,,,
Kinubi-4_belly-1-1,Kinubi-4_belly-1,batna,belly,false,expert,Ratcliffe2021,,,
MoroccanArabic-5_big-1-1,MoroccanArabic-5_big-1,kbi_r,big,false,expert,Ratcliffe2021,,,
Maltese-5_big-1-1,Maltese-5_big-1,kibi_r,big,false,expert,Ratcliffe2021,,,
Cairene-5_big-1-1,Cairene-5_big-1,kibii_r,big,false,expert,Ratcliffe2021,,,
Damascene-5_big-1-1,Damascene-5_big-1,kbi:r,big,false,expert,Ratcliffe2021,,,
Iraqi-5_big-1-1,Iraqi-5_big-1,ʧbi:r,big,false,expert,Ratcliffe2021,,,
Soukhne-5_big-1-1,Soukhne-5_big-1,ʧabi:_r,big,false,expert,Ratcliffe2021,,,
AqraArbilArabic-5_big-1-1,AqraArbilArabic-5_big-1,gəbi:_r,big,false,expert,Ratcliffe2021,,,
CypriotArabic-5_big-1-1,CypriotArabic-5_big-1,k-b-_r,big,false,expert,Ratcliffe2021,,,
YemeniticArabic-5_big-1-1,YemeniticArabic-5_big-1,Kabii_r,big,false,expert,Ratcliffe2021,,,
NigerianArabic-5_big-1-1,NigerianArabic-5_big-1,kabi:r,big,false,expert,Ratcliffe2021,,,
Buxari-5_big-1-1,Buxari-5_big-1,ka’biir,big,false,expert,Ratcliffe2021,,,
Kinubi-5_big-1-1,Kinubi-5_big-1,kbir,big,false,expert,Ratcliffe2021,,,
MoroccanArabic-6_bird-1-1,MoroccanArabic-6_bird-1,tˁir,bird,false,expert,Ratcliffe2021,,,
Cairene-6_bird-1-1,Cairene-6_bird-1,tˁee_r*,bird,false,expert,Ratcliffe2021,,,
Damascene-6_bird-1-1,Damascene-6_bird-1,tˁeer,bird,false,expert,Ratcliffe2021,,,
Iraqi-6_bird-1-1,Iraqi-6_bird-1,tˁeer,bird,false,expert,Ratcliffe2021,,,
Soukhne-6_bird-1-1,Soukhne-6_bird-1,tˁeer,bird,false,expert,Ratcliffe2021,,,
GulfArabic-6_bird-1-1,GulfArabic-6_bird-1,tˤeer,bird,false,expert,Ratcliffe2021,,,
YemeniticArabic-6_bird-1-1,YemeniticArabic-6_bird-1,tˁajr,bird,false,expert,Ratcliffe2021,,,
NigerianArabic-6_bird-1-1,NigerianArabic-6_bird-1,tˁe:ra,bird,false,expert,Ratcliffe2021,,,
Buxari-6_bird-1-1,Buxari-6_bird-1,tayra,bird,false,expert,Ratcliffe2021,,,
Kinubi-6_bird-1-1,Kinubi-6_bird-1,ter,bird,false,expert,Ratcliffe2021,,,
MoroccanArabic-7_bite-1-1,MoroccanArabic-7_bite-1,ʕed_ˁdˁ,bite,false,expert,Ratcliffe2021,,,
Cairene-7_bite-1-1,Cairene-7_bite-1,ʕadˁdˁ,bite,false,expert,Ratcliffe2021,,,
Damascene-7_bite-1-1,Damascene-7_bite-1,ʕadˁdˁ,bite,false,expert,Ratcliffe2021,,,
Iraqi-7_bite-1-1,Iraqi-7_bite-1,ʕaðˁðˁ,bite,false,expert,Ratcliffe2021,,,
Soukhne-7_bite-1-1,Soukhne-7_bite-1,ʕaðˁðˁ,bite,false,expert,Ratcliffe2021,,,
CypriotArabic-7_bite-1-1,CypriotArabic-7_bite-1,ʕaððʕ-dˁ-_dˁ,bite,false,expert,Ratcliffe2021,,,
GulfArabic-7_bite-1-1,GulfArabic-7_bite-1,ʕadˤdˤ,bite,false,expert,Ratcliffe2021,,,
NigerianArabic-7_bite-1-1,NigerianArabic-7_bite-1,adˁdˁa,bite,false,expert,Ratcliffe2021,,,
Buxari-7_bite-1-1,Buxari-7_bite-1,yaʕazz,bite,false,expert,Ratcliffe2021,,,
Kinubi-7_bite-1-1,Kinubi-7_bite-1,adi,bite,false,expert,Ratcliffe2021,,,
Maltese-8_black-1-1,Maltese-8_black-1,iswe_d,black,false,expert,Ratcliffe2021,,,
Cairene-8_black-1-1,Cairene-8_black-1,iswi_d,black,false,expert,Ratcliffe2021,,,
Damascene-8_black-1-1,Damascene-8_black-1,ʔasw_ad,black,false,expert,Ratcliffe2021,,,
Iraqi-8_black-1-1,Iraqi-8_black-1,ʔasw_ad,black,false,expert,Ratcliffe2021,,,
Soukhne-8_black-1-1,Soukhne-8_black-1,ʔasw_ad,black,false,expert,Ratcliffe2021,,,
AqraArbilArabic-8_black-1-1,AqraArbilArabic-8_black-1,əswə_d,black,false,expert,Ratcliffe2021,,,
CypriotArabic-8_black-1-1,CypriotArabic-8_black-1,isfet_s-w-_d,black,false,expert,Ratcliffe2021,,,
GulfArabic-8_black-1-1,GulfArabic-8_black-1,ʔasw_ad,black,false,expert,Ratcliffe2021,,,
YemeniticArabic-8_black-1-1,YemeniticArabic-8_black-1,ʔasw_ad,black,false,expert,Ratcliffe2021,,,
Buxari-8_black-1-1,Buxari-8_black-1,ʔaswad,black,false,expert,Ratcliffe2021,,,
Kinubi-8_black-1-1,Kinubi-8_black-1,*asue,black,false,expert,Ratcliffe2021,,,
MoroccanArabic-9_blood-1-1,MoroccanArabic-9_blood-1,de_mm,blood,false,expert,Ratcliffe2021,,,
Maltese-9_blood-1-1,Maltese-9_blood-1,dem_m,blood,false,expert,Ratcliffe2021,,,
Cairene-9_blood-1-1,Cairene-9_blood-1,dam_m,blood,false,expert,Ratcliffe2021,,,
Damascene-9_blood-1-1,Damascene-9_blood-1,dam_m,blood,false,expert,Ratcliffe2021,,,
Iraqi-9_blood-1-1,Iraqi-9_blood-1,dam_m,blood,false,expert,Ratcliffe2021,,,
Soukhne-9_blood-1-1,Soukhne-9_blood-1,dam,blood,false,expert,Ratcliffe2021,,,
AqraArbilArabic-9_blood-1-1,AqraArbilArabic-9_blood-1,Dam,blood,false,expert,Ratcliffe2021,,,
CypriotArabic-9_blood-1-1,CypriotArabic-9_blood-1,d-m-_y,blood,false,expert,Ratcliffe2021,,,
GulfArabic-9_blood-1-1,GulfArabic-9_blood-1,dam_m,blood,false,expert,Ratcliffe2021,,,
YemeniticArabic-9_blood-1-1,YemeniticArabic-9_blood-1,Dam,blood,false,expert,Ratcliffe2021,,,
NigerianArabic-9_blood-1-1,NigerianArabic-9_blood-1,damm,blood,false,expert,Ratcliffe2021,,,
Buxari-9_blood-1-1,Buxari-9_blood-1,dam,blood,false,expert,Ratcliffe2021,,,
Kinubi-9_blood-1-1,Kinubi-9_blood-1,dum,blood,false,expert,Ratcliffe2021,,,
MoroccanArabic-10_bone-1-1,MoroccanArabic-10_bone-1,ʕdˁ_em,bone,false,expert,Ratcliffe2021,,,
Maltese-10_bone-1-1,Maltese-10_bone-1,ʕad_ma,bone,false,expert,Ratcliffe2021,,,
Cairene-10_bone-1-1,Cairene-10_bone-1,ʕad_ma,bone,false,expert,Ratcliffe2021,,,
Damascene-10_bone-1-1,Damascene-10_bone-1,ʕadˁ_me,bone,false,expert,Ratcliffe2021,,,
Iraqi-10_bone-1-1,Iraqi-10_bone-1,ʕaðˁ_ma,bone,false,expert,Ratcliffe2021,,,
Soukhne-10_bone-1-1,Soukhne-10_bone-1,ʕaðˁ_m,bone,false,expert,Ratcliffe2021,,,
AqraArbilArabic-10_bone-1-1,AqraArbilArabic-10_bone-1,ʕadˁə_m,bone,false,expert,Ratcliffe2021,,,
GulfArabic-10_bone-1-1,GulfArabic-10_bone-1,ʕaðˤ_m,bone,false,expert,Ratcliffe2021,,,
YemeniticArabic-10_bone-1-1,YemeniticArabic-10_bone-1,ʕaðˁ_ma,bone,false,expert,Ratcliffe2021,,,
NigerianArabic-10_bone-1-1,NigerianArabic-10_bone-1,adˁum,bone,false,expert,Ratcliffe2021,,,
Buxari-10_bone-1-1,Buxari-10_bone-1,ʕazəm,bone,false,expert,Ratcliffe2021,,,
Kinubi-10_bone-1-1,Kinubi-10_bone-1,ladim,bone,false,expert,Ratcliffe2021,,,
Maltese-11_breast-1-1,Maltese-11_breast-1,Side_r,breast,false,expert,Ratcliffe2021,,,
Cairene-11_breast-1-1,Cairene-11_breast-1,sidir_*,breast,false,expert,Ratcliffe2021,,,
Damascene-11_breast-1-1,Damascene-11_breast-1,sˁədˁ_ər,breast,false,expert,Ratcliffe2021,,,
Soukhne-11_breast-1-1,Soukhne-11_breast-1,θidi__sˁidr,breast,false,expert,Ratcliffe2021,,,
GulfArabic-11_breast-1-1,GulfArabic-11_breast-1,deed__sˤadr,breast,false,expert,Ratcliffe2021,,,
YemeniticArabic-11_breast-1-1,YemeniticArabic-11_breast-1,sˁadr,breast,false,expert,Ratcliffe2021,,,
Buxari-11_breast-1-1,Buxari-11_breast-1,sadər,breast,false,expert,Ratcliffe2021,,,
Kinubi-11_breast-1-1,Kinubi-11_breast-1,*sudur,breast,false,expert,Ratcliffe2021,,,
MoroccanArabic-12_burnvt-1-1,MoroccanArabic-12_burnvt-1,ħre_q,burnvt,false,expert,Ratcliffe2021,,,
Maltese-12_burnvt-1-1,Maltese-12_burnvt-1,ħar_aʔ,burnvt,false,expert,Ratcliffe2021,,,
Cairene-12_burnvt-1-1,Cairene-12_burnvt-1,ħar_aʔ,burnvt,false,expert,Ratcliffe2021,,,
Damascene-12_burnvt-1-1,Damascene-12_burnvt-1,ħaraʔ,burnvt,false,expert,Ratcliffe2021,,,
Iraqi-12_burnvt-1-1,Iraqi-12_burnvt-1,ħirag,burnvt,false,expert,Ratcliffe2021,,,
Soukhne-12_burnvt-1-1,Soukhne-12_burnvt-1,ħarak,burnvt,false,expert,Ratcliffe2021,,,
AqraArbilArabic-12_burnvt-1-1,AqraArbilArabic-12_burnvt-1,ħ-r-_q,burnvt,false,expert,Ratcliffe2021,,,
CypriotArabic-12_burnvt-1-1,CypriotArabic-12_burnvt-1,ħ-r-_q,burnvt,false,expert,Ratcliffe2021,,,
GulfArabic-12_burnvt-1-1,GulfArabic-12_burnvt-1,ħara_g,burnvt,false,expert,Ratcliffe2021,,,
YemeniticArabic-12_burnvt-1-1,YemeniticArabic-12_burnvt-1,ħara_g,burnvt,false,expert,Ratcliffe2021,,,
NigerianArabic-12_burnvt-1-1,NigerianArabic-12_burnvt-1,hirig,burnvt,false,expert,Ratcliffe2021,,,
Kinubi-12_burnvt-1-1,Kinubi-12_burnvt-1,haragu,burnvt,false,expert,Ratcliffe2021,,,
MoroccanArabic-13_claw-1-1,MoroccanArabic-13_claw-1,dˁfe_rˁ,claw,false,expert,Ratcliffe2021,,,
Maltese-13_claw-1-1,Maltese-13_claw-1,Dife_r,claw,false,expert,Ratcliffe2021,,,
Cairene-13_claw-1-1,Cairene-13_claw-1,dˁifr_ˁ*,claw,false,expert,Ratcliffe2021,,,
Damascene-13_claw-1-1,Damascene-13_claw-1,dˁəfə_r,claw,false,expert,Ratcliffe2021,,,
Iraqi-13_claw-1-1,Iraqi-13_claw-1,ðˁifir,claw,false,expert,Ratcliffe2021,,,
Soukhne-13_claw-1-1,Soukhne-13_claw-1,iðˁfir,claw,false,expert,Ratcliffe2021,,,
AqraArbilArabic-13_claw-1-1,AqraArbilArabic-13_claw-1,dˁəfə_r,claw,false,expert,Ratcliffe2021,,,
CypriotArabic-13_claw-1-1,CypriotArabic-13_claw-1,ðˁ-f-_r,claw,false,expert,Ratcliffe2021,,,
GulfArabic-13_claw-1-1,GulfArabic-13_claw-1,mixla_b,claw,false,expert,Ratcliffe2021,,,
YemeniticArabic-13_claw-1-1,YemeniticArabic-13_claw-1,θˁufri_n**,claw,false,expert,Ratcliffe2021,,,
Kinubi-13_claw-1-1,Kinubi-13_claw-1,*dufuru,claw,false,expert,Ratcliffe2021,,,
Maltese-14_cloud-1-1,Maltese-14_cloud-1,sħa_ba,cloud,false,expert,Ratcliffe2021,,,
Cairene-14_cloud-1-1,Cairene-14_cloud-1,saħ_aab,cloud,false,expert,Ratcliffe2021,,,
GulfArabic-14_cloud-1-1,GulfArabic-14_cloud-1,siħaa_b,cloud,false,expert,Ratcliffe2021,,,
MoroccanArabic-15_cold-1-1,MoroccanArabic-15_cold-1,bar_ed,cold,false,expert,Ratcliffe2021,,,
Maltese-15_cold-1-1,Maltese-15_cold-1,bi:r_ed,cold,false,expert,Ratcliffe2021,,,
Cairene-15_cold-1-1,Cairene-15_cold-1,bar_d,cold,false,expert,Ratcliffe2021,,,
Damascene-15_cold-1-1,Damascene-15_cold-1,barəd,cold,false,expert,Ratcliffe2021,,,
Iraqi-15_cold-1-1,Iraqi-15_cold-1,bard_a:n,cold,false,expert,Ratcliffe2021,,,
Soukhne-15_cold-1-1,Soukhne-15_cold-1,bi:rid,cold,false,expert,Ratcliffe2021,,,
AqraArbilArabic-15_cold-1-1,AqraArbilArabic-15_cold-1,beerə_d,cold,false,expert,Ratcliffe2021,,,
CypriotArabic-15_cold-1-1,CypriotArabic-15_cold-1,*pere_t_,cold,false,expert,Ratcliffe2021,,,
GulfArabic-15_cold-1-1,GulfArabic-15_cold-1,baari_d,cold,false,expert,Ratcliffe2021,,,
YemeniticArabic-15_cold-1-1,YemeniticArabic-15_cold-1,baari_d,cold,false,expert,Ratcliffe2021,,,
NigerianArabic-15_cold-1-1,NigerianArabic-15_cold-1,barda:n,cold,false,expert,Ratcliffe2021,,,
Buxari-15_cold-1-1,Buxari-15_cold-1,bard,cold,false,expert,Ratcliffe2021,,,
Kinubi-15_cold-1-1,Kinubi-15_cold-1,bari,cold,false,expert,Ratcliffe2021,,,
MoroccanArabic-16_come-1-1,MoroccanArabic-16_come-1,ʒa,come,false,expert,Ratcliffe2021,,,
Maltese-16_come-1-1,Maltese-16_come-1,ʤi:,come,false,expert,Ratcliffe2021,,,
Cairene-16_come-1-1,Cairene-16_come-1,ga,come,false,expert,Ratcliffe2021,,,
Damascene-16_come-1-1,Damascene-16_come-1,ʔəʤa,come,false,expert,Ratcliffe2021,,,
Iraqi-16_come-1-1,Iraqi-16_come-1,ʤa:,come,false,expert,Ratcliffe2021,,,
Soukhne-16_come-1-1,Soukhne-16_come-1,aʦa,come,false,expert,Ratcliffe2021,,,
AqraArbilArabic-16_come-1-1,AqraArbilArabic-16_come-1,ʤa:,come,false,expert,Ratcliffe2021,,,
CypriotArabic-16_come-1-1,CypriotArabic-16_come-1,ʤ-y-_y,come,false,expert,Ratcliffe2021,,,
GulfArabic-16_come-1-1,GulfArabic-16_come-1,ʤa,come,false,expert,Ratcliffe2021,,,
YemeniticArabic-16_come-1-1,YemeniticArabic-16_come-1,ʤaaʔ,come,false,expert,Ratcliffe2021,,,
NigerianArabic-16_come-1-1,NigerianArabic-16_come-1,ʤa,come,false,expert,Ratcliffe2021,,,
Buxari-16_come-1-1,Buxari-16_come-1,dƷakki,come,false,expert,Ratcliffe2021,,,
Kinubi-16_come-1-1,Kinubi-16_come-1,ʤa,come,false,expert,Ratcliffe2021,,,
MoroccanArabic-17_die-1-1,MoroccanArabic-17_die-1,mat,die,false,expert,Ratcliffe2021,,,
Maltese-17_die-1-1,Maltese-17_die-1,mi:t,die,false,expert,Ratcliffe2021,,,
Cairene-17_die-1-1,Cairene-17_die-1,maa_t,die,false,expert,Ratcliffe2021,,,
Damascene-17_die-1-1,Damascene-17_die-1,ma:t,die,false,expert,Ratcliffe2021,,,
Iraqi-17_die-1-1,Iraqi-17_die-1,ma:t,die,false,expert,Ratcliffe2021,,,
Soukhne-17_die-1-1,Soukhne-17_die-1,ma:t,die,false,expert,Ratcliffe2021,,,
AqraArbilArabic-17_die-1-1,AqraArbilArabic-17_die-1,ma:t,die,false,expert,Ratcliffe2021,,,
CypriotArabic-17_die-1-1,CypriotArabic-17_die-1,m-_w-t,die,false,expert,Ratcliffe2021,,,
GulfArabic-17_die-1-1,GulfArabic-17_die-1,maat,die,false,expert,Ratcliffe2021,,,
YemeniticArabic-17_die-1-1,YemeniticArabic-17_die-1,maat,die,false,expert,Ratcliffe2021,,,
NigerianArabic-17_die-1-1,NigerianArabic-17_die-1,ma:t,die,false,expert,Ratcliffe2021,,,
Buxari-17_die-1-1,Buxari-17_die-1,maat,die,false,expert,Ratcliffe2021,,,
Kinubi-17_die-1-1,Kinubi-17_die-1,mutu,die,false,expert,Ratcliffe2021,,,
MoroccanArabic-18_dog-1-1,MoroccanArabic-18_dog-1,kel_b,dog,false,expert,Ratcliffe2021,,,
Maltese-18_dog-1-1,Maltese-18_dog-1,kelb,dog,false,expert,Ratcliffe2021,,,
Cairene-18_dog-1-1,Cairene-18_dog-1,kalb,dog,false,expert,Ratcliffe2021,,,
Damascene-18_dog-1-1,Damascene-18_dog-1,kalb,dog,false,expert,Ratcliffe2021,,,
Iraqi-18_dog-1-1,Iraqi-18_dog-1,ʧalib,dog,false,expert,Ratcliffe2021,,,
Soukhne-18_dog-1-1,Soukhne-18_dog-1,ʧalb,dog,false,expert,Ratcliffe2021,,,
AqraArbilArabic-18_dog-1-1,AqraArbilArabic-18_dog-1,kalb,dog,false,expert,Ratcliffe2021,,,
CypriotArabic-18_dog-1-1,CypriotArabic-18_dog-1,k-l-b,dog,false,expert,Ratcliffe2021,,,
GulfArabic-18_dog-1-1,GulfArabic-18_dog-1,ʧalb,dog,false,expert,Ratcliffe2021,,,
YemeniticArabic-18_dog-1-1,YemeniticArabic-18_dog-1,kalb,dog,false,expert,Ratcliffe2021,,,
NigerianArabic-18_dog-1-1,NigerianArabic-18_dog-1,kalb,dog,false,expert,Ratcliffe2021,,,
Buxari-18_dog-1-1,Buxari-18_dog-1,kalb,dog,false,expert,Ratcliffe2021,,,
Kinubi-18_dog-1-1,Kinubi-18_dog-1,keli,dog,false,expert,Ratcliffe2021,,,
MoroccanArabic-19_drink-1-1,MoroccanArabic-19_drink-1,ʃre_b,drink,false,expert,Ratcliffe2021,,,
Maltese-19_drink-1-1,Maltese-19_drink-1,ʃoro_b,drink,false,expert,Ratcliffe2021,,,
Cairene-19_drink-1-1,Cairene-19_drink-1,ʃirib,drink,false,expert,Ratcliffe2021,,,
Damascene-19_drink-1-1,Damascene-19_drink-1,ʃəreb,drink,false,expert,Ratcliffe2021,,,
Iraqi-19_drink-1-1,Iraqi-19_drink-1,ʃirab,drink,false,expert,Ratcliffe2021,,,
Soukhne-19_drink-1-1,Soukhne-19_drink-1,iʃrib,drink,false,expert,Ratcliffe2021,,,
AqraArbilArabic-19_drink-1-1,AqraArbilArabic-19_drink-1,ʃərəb,drink,false,expert,Ratcliffe2021,,,
CypriotArabic-19_drink-1-1,CypriotArabic-19_drink-1,ʃ-r-b,drink,false,expert,Ratcliffe2021,,,
GulfArabic-19_drink-1-1,GulfArabic-19_drink-1,ʃarab,drink,false,expert,Ratcliffe2021,,,
YemeniticArabic-19_drink-1-1,YemeniticArabic-19_drink-1,ʃirib,drink,false,expert,Ratcliffe2021,,,
NigerianArabic-19_drink-1-1,NigerianArabic-19_drink-1,ʃarab,drink,false,expert,Ratcliffe2021,,,
Buxari-19_drink-1-1,Buxari-19_drink-1,ʃarab,drink,false,expert,Ratcliffe2021,,,
Kinubi-19_drink-1-1,Kinubi-19_drink-1,‘aʃrubu,drink,false,expert,Ratcliffe2021,,,
MoroccanArabic-20_dry-1-1,MoroccanArabic-20_dry-1,jab_es,dry,false,expert,Ratcliffe2021,,,
Soukhne-20_dry-1-1,Soukhne-20_dry-1,ji:bis,dry,false,expert,Ratcliffe2021,,,
AqraArbilArabic-20_dry-1-1,AqraArbilArabic-20_dry-1,jeebə_s,dry,false,expert,Ratcliffe2021,,,
GulfArabic-20_dry-1-1,GulfArabic-20_dry-1,jaabi_s,dry,false,expert,Ratcliffe2021,,,
YemeniticArabic-20_dry-1-1,YemeniticArabic-20_dry-1,jaabi_s,dry,false,expert,Ratcliffe2021,,,
NigerianArabic-20_dry-1-1,NigerianArabic-20_dry-1,ja:bis,dry,false,expert,Ratcliffe2021,,,
Buxari-20_dry-1-1,Buxari-20_dry-1,yabs,dry,false,expert,Ratcliffe2021,,,
Kinubi-20_dry-1-1,Kinubi-20_dry-1,abis,dry,false,expert,Ratcliffe2021,,,
MoroccanArabic-21_ear-1-1,MoroccanArabic-21_ear-1,wd_en,ear,false,expert,Ratcliffe2021,,,
Maltese-21_ear-1-1,Maltese-21_ear-1,wid_na,ear,false,expert,Ratcliffe2021,,,
Cairene-21_ear-1-1,Cairene-21_ear-1,wid_n,ear,false,expert,Ratcliffe2021,,,
Damascene-21_ear-1-1,Damascene-21_ear-1,ʔədən,ear,false,expert,Ratcliffe2021,,,
Iraqi-21_ear-1-1,Iraqi-21_ear-1,ʔiðin,ear,false,expert,Ratcliffe2021,,,
Soukhne-21_ear-1-1,Soukhne-21_ear-1,iðn,ear,false,expert,Ratcliffe2021,,,
AqraArbilArabic-21_ear-1-1,AqraArbilArabic-21_ear-1,ədən,ear,false,expert,Ratcliffe2021,,,
CypriotArabic-21_ear-1-1,CypriotArabic-21_ear-1,iðn_ʔ-ð-_n,ear,false,expert,Ratcliffe2021,,,
GulfArabic-21_ear-1-1,GulfArabic-21_ear-1,iðin,ear,false,expert,Ratcliffe2021,,,
YemeniticArabic-21_ear-1-1,YemeniticArabic-21_ear-1,ʔiðn,ear,false,expert,Ratcliffe2021,,,
NigerianArabic-21_ear-1-1,NigerianArabic-21_ear-1,dˁan,ear,false,expert,Ratcliffe2021,,,
Buxari-21_ear-1-1,Buxari-21_ear-1,ʔizən,ear,false,expert,Ratcliffe2021,,,
Kinubi-21_ear-1-1,Kinubi-21_ear-1,a’dan,ear,false,expert,Ratcliffe2021,,,
MoroccanArabic-22_earthdirt-1-1,MoroccanArabic-22_earthdirt-1,trˁa_b,earthdirt,false,expert,Ratcliffe2021,,,
Maltese-22_earthdirt-1-1,Maltese-22_earthdirt-1,trab,earthdirt,false,expert,Ratcliffe2021,,,
Damascene-22_earthdirt-1-1,Damascene-22_earthdirt-1,tˁrˁa:_b,earthdirt,false,expert,Ratcliffe2021,,,
Iraqi-22_earthdirt-1-1,Iraqi-22_earthdirt-1,tra:b,earthdirt,false,expert,Ratcliffe2021,,,
Soukhne-22_earthdirt-1-1,Soukhne-22_earthdirt-1,arðˁ,earthdirt,false,expert,Ratcliffe2021,,,
CypriotArabic-22_earthdirt-1-1,CypriotArabic-22_earthdirt-1,trap_t-r-b,earthdirt,false,expert,Ratcliffe2021,,,
GulfArabic-22_earthdirt-1-1,GulfArabic-22_earthdirt-1,traab,earthdirt,false,expert,Ratcliffe2021,,,
Kinubi-22_earthdirt-1-1,Kinubi-22_earthdirt-1,tura,earthdirt,false,expert,Ratcliffe2021,,,
MoroccanArabic-23_eat-1-1,MoroccanArabic-23_eat-1,kla,eat,false,expert,Ratcliffe2021,,,
Maltese-23_eat-1-1,Maltese-23_eat-1,ki:l,eat,false,expert,Ratcliffe2021,,,
Cairene-23_eat-1-1,Cairene-23_eat-1,akal,eat,false,expert,Ratcliffe2021,,,
Damascene-23_eat-1-1,Damascene-23_eat-1,ʔakal,eat,false,expert,Ratcliffe2021,,,
Iraqi-23_eat-1-1,Iraqi-23_eat-1,ʔakal,eat,false,expert,Ratcliffe2021,,,
Soukhne-23_eat-1-1,Soukhne-23_eat-1,aʧal,eat,false,expert,Ratcliffe2021,,,
AqraArbilArabic-23_eat-1-1,AqraArbilArabic-23_eat-1,akal,eat,false,expert,Ratcliffe2021,,,
CypriotArabic-23_eat-1-1,CypriotArabic-23_eat-1,ʔ-k-l,eat,false,expert,Ratcliffe2021,,,
GulfArabic-23_eat-1-1,GulfArabic-23_eat-1,ʔakal,eat,false,expert,Ratcliffe2021,,,
YemeniticArabic-23_eat-1-1,YemeniticArabic-23_eat-1,ʔakal,eat,false,expert,Ratcliffe2021,,,
NigerianArabic-23_eat-1-1,NigerianArabic-23_eat-1,akal,eat,false,expert,Ratcliffe2021,,,
Buxari-23_eat-1-1,Buxari-23_eat-1,ʔukul,eat,false,expert,Ratcliffe2021,,,
Kinubi-23_eat-1-1,Kinubi-23_eat-1,‘akulu,eat,false,expert,Ratcliffe2021,,,
MoroccanArabic-24_egg-1-1,MoroccanArabic-24_egg-1,bidˁ_a,egg,false,expert,Ratcliffe2021,,,
Maltese-24_egg-1-1,Maltese-24_egg-1,Bajd_a,egg,false,expert,Ratcliffe2021,,,
Cairene-24_egg-1-1,Cairene-24_egg-1,bee_dˁa,egg,false,expert,Ratcliffe2021,,,
Damascene-24_egg-1-1,Damascene-24_egg-1,beedˁ_a,egg,false,expert,Ratcliffe2021,,,
Iraqi-24_egg-1-1,Iraqi-24_egg-1,beeðˁ_a,egg,false,expert,Ratcliffe2021,,,
Soukhne-24_egg-1-1,Soukhne-24_egg-1,beeðˁ_a,egg,false,expert,Ratcliffe2021,,,
AqraArbilArabic-24_egg-1-1,AqraArbilArabic-24_egg-1,bajdˁ_a,egg,false,expert,Ratcliffe2021,,,
CypriotArabic-24_egg-1-1,CypriotArabic-24_egg-1,b-y-_dˁ,egg,false,expert,Ratcliffe2021,,,
GulfArabic-24_egg-1-1,GulfArabic-24_egg-1,beedˤ_a,egg,false,expert,Ratcliffe2021,,,
YemeniticArabic-24_egg-1-1,YemeniticArabic-24_egg-1,bajðˁ_ah,egg,false,expert,Ratcliffe2021,,,
NigerianArabic-24_egg-1-1,NigerianArabic-24_egg-1,be:dˁe,egg,false,expert,Ratcliffe2021,,,
Buxari-24_egg-1-1,Buxari-24_egg-1,bayda,egg,false,expert,Ratcliffe2021,,,
MoroccanArabic-25_eye-1-1,MoroccanArabic-25_eye-1,ʕej_n,eye,false,expert,Ratcliffe2021,,,
Maltese-25_eye-1-1,Maltese-25_eye-1,ʕajn,eye,false,expert,Ratcliffe2021,,,
Cairene-25_eye-1-1,Cairene-25_eye-1,ʕee_n,eye,false,expert,Ratcliffe2021,,,
Damascene-25_eye-1-1,Damascene-25_eye-1,ʕeen,eye,false,expert,Ratcliffe2021,,,
Iraqi-25_eye-1-1,Iraqi-25_eye-1,ʕeen,eye,false,expert,Ratcliffe2021,,,
Soukhne-25_eye-1-1,Soukhne-25_eye-1,ʕeen,eye,false,expert,Ratcliffe2021,,,
AqraArbilArabic-25_eye-1-1,AqraArbilArabic-25_eye-1,ʕajn,eye,false,expert,Ratcliffe2021,,,
CypriotArabic-25_eye-1-1,CypriotArabic-25_eye-1,ʕayn_ʕ-y-_n,eye,false,expert,Ratcliffe2021,,,
GulfArabic-25_eye-1-1,GulfArabic-25_eye-1,ʕeen,eye,false,expert,Ratcliffe2021,,,
YemeniticArabic-25_eye-1-1,YemeniticArabic-25_eye-1,ʕajn,eye,false,expert,Ratcliffe2021,,,
NigerianArabic-25_eye-1-1,NigerianArabic-25_eye-1,e:n,eye,false,expert,Ratcliffe2021,,,
Buxari-25_eye-1-1,Buxari-25_eye-1,ʔayn,eye,false,expert,Ratcliffe2021,,,
Kinubi-25_eye-1-1,Kinubi-25_eye-1,‘ena,eye,false,expert,Ratcliffe2021,,,
MoroccanArabic-26_fatn-1-1,MoroccanArabic-26_fatn-1,ʃħe_m,fatn,false,expert,Ratcliffe2021,,,
Maltese-26_fatn-1-1,Maltese-26_fatn-1,ʃaħ_am,fatn,false,expert,Ratcliffe2021,,,
Cairene-26_fatn-1-1,Cairene-26_fatn-1,ʃaħ_m,fatn,false,expert,Ratcliffe2021,,,
Damascene-26_fatn-1-1,Damascene-26_fatn-1,ʃaħə_m,fatn,false,expert,Ratcliffe2021,,,
Iraqi-26_fatn-1-1,Iraqi-26_fatn-1,ʃaħa_m,fatn,false,expert,Ratcliffe2021,,,
Soukhne-26_fatn-1-1,Soukhne-26_fatn-1,ʃaħm,fatn,false,expert,Ratcliffe2021,,,
NigerianArabic-26_fatn-1-1,NigerianArabic-26_fatn-1,ʃahama,fatn,false,expert,Ratcliffe2021,,,
MoroccanArabic-27_feather-1-1,MoroccanArabic-27_feather-1,riʃa,feather,false,expert,Ratcliffe2021,,,
Maltese-27_feather-1-1,Maltese-27_feather-1,riʃa,feather,false,expert,Ratcliffe2021,,,
Cairene-27_feather-1-1,Cairene-27_feather-1,ri:ʃa_*,feather,false,expert,Ratcliffe2021,,,
Damascene-27_feather-1-1,Damascene-27_feather-1,ri:ʃe,feather,false,expert,Ratcliffe2021,,,
Iraqi-27_feather-1-1,Iraqi-27_feather-1,ri:ʃa,feather,false,expert,Ratcliffe2021,,,
Soukhne-27_feather-1-1,Soukhne-27_feather-1,ri:ʃi,feather,false,expert,Ratcliffe2021,,,
GulfArabic-27_feather-1-1,GulfArabic-27_feather-1,riiʃa,feather,false,expert,Ratcliffe2021,,,
YemeniticArabic-27_feather-1-1,YemeniticArabic-27_feather-1,ri:ʃeh,feather,false,expert,Ratcliffe2021,,,
Maltese-28_fire-1-1,Maltese-28_fire-1,nar,fire,false,expert,Ratcliffe2021,,,
Cairene-28_fire-1-1,Cairene-28_fire-1,na:r,fire,false,expert,Ratcliffe2021,,,
Damascene-28_fire-1-1,Damascene-28_fire-1,nˁa:rˁ,fire,false,expert,Ratcliffe2021,,,
Iraqi-28_fire-1-1,Iraqi-28_fire-1,na:r,fire,false,expert,Ratcliffe2021,,,
Soukhne-28_fire-1-1,Soukhne-28_fire-1,na:rˁ,fire,false,expert,Ratcliffe2021,,,
AqraArbilArabic-28_fire-1-1,AqraArbilArabic-28_fire-1,na:rˁ,fire,false,expert,Ratcliffe2021,,,
YemeniticArabic-28_fire-1-1,YemeniticArabic-28_fire-1,naar,fire,false,expert,Ratcliffe2021,,,
NigerianArabic-28_fire-1-1,NigerianArabic-28_fire-1,na:r,fire,false,expert,Ratcliffe2021,,,
Buxari-28_fire-1-1,Buxari-28_fire-1,naar,fire,false,expert,Ratcliffe2021,,,
Kinubi-28_fire-1-1,Kinubi-28_fire-1,nari,fire,false,expert,Ratcliffe2021,,,
Cairene-29_fish-1-1,Cairene-29_fish-1,sam_ak,fish,false,expert,Ratcliffe2021,,,
Soukhne-29_fish-1-1,Soukhne-29_fish-1,sama_ʧi,fish,false,expert,Ratcliffe2021,,,
AqraArbilArabic-29_fish-1-1,AqraArbilArabic-29_fish-1,sama_k,fish,false,expert,Ratcliffe2021,,,
GulfArabic-29_fish-1-1,GulfArabic-29_fish-1,sima_ʧ,fish,false,expert,Ratcliffe2021,,,
NigerianArabic-29_fish-1-1,NigerianArabic-29_fish-1,samaka_ħu:tˁa,fish,false,expert,Ratcliffe2021,,,
Buxari-29_fish-1-1,Buxari-29_fish-1,samak,fish,false,expert,Ratcliffe2021,,,
Kinubi-29_fish-1-1,Kinubi-29_fish-1,samaga,fish,false,expert,Ratcliffe2021,,,
MoroccanArabic-30_fly-1-1,MoroccanArabic-30_fly-1,tˁar,fly,false,expert,Ratcliffe2021,,,
Maltese-30_fly-1-1,Maltese-30_fly-1,tar,fly,false,expert,Ratcliffe2021,,,
Cairene-30_fly-1-1,Cairene-30_fly-1,tˁa:r_ˁ,fly,false,expert,Ratcliffe2021,,,
Damascene-30_fly-1-1,Damascene-30_fly-1,tˁa:r,fly,false,expert,Ratcliffe2021,,,
Iraqi-30_fly-1-1,Iraqi-30_fly-1,tˁa:r,fly,false,expert,Ratcliffe2021,,,
Soukhne-30_fly-1-1,Soukhne-30_fly-1,tˁa:r,fly,false,expert,Ratcliffe2021,,,
AqraArbilArabic-30_fly-1-1,AqraArbilArabic-30_fly-1,tˁ-y-_r,fly,false,expert,Ratcliffe2021,,,
GulfArabic-30_fly-1-1,GulfArabic-30_fly-1,tˤaar,fly,false,expert,Ratcliffe2021,,,
YemeniticArabic-30_fly-1-1,YemeniticArabic-30_fly-1,tˁa:r,fly,false,expert,Ratcliffe2021,,,
NigerianArabic-30_fly-1-1,NigerianArabic-30_fly-1,tˁa:r,fly,false,expert,Ratcliffe2021,,,
MoroccanArabic-31_foot-1-1,MoroccanArabic-31_foot-1,rʒel,foot,false,expert,Ratcliffe2021,,,
Cairene-31_foot-1-1,Cairene-31_foot-1,rigl,foot,false,expert,Ratcliffe2021,,,
Damascene-31_foot-1-1,Damascene-31_foot-1,rəʤəl,foot,false,expert,Ratcliffe2021,,,
Iraqi-31_foot-1-1,Iraqi-31_foot-1,riʤil,foot,false,expert,Ratcliffe2021,,,
Soukhne-31_foot-1-1,Soukhne-31_foot-1,iʦl,foot,false,expert,Ratcliffe2021,,,
AqraArbilArabic-31_foot-1-1,AqraArbilArabic-31_foot-1,əʤər,foot,false,expert,Ratcliffe2021,,,
CypriotArabic-31_foot-1-1,CypriotArabic-31_foot-1,iʒr,foot,false,expert,Ratcliffe2021,,,
GulfArabic-31_foot-1-1,GulfArabic-31_foot-1,riil,foot,false,expert,Ratcliffe2021,,,
YemeniticArabic-31_foot-1-1,YemeniticArabic-31_foot-1,riʤl,foot,false,expert,Ratcliffe2021,,,
NigerianArabic-31_foot-1-1,NigerianArabic-31_foot-1,riʤil,foot,false,expert,Ratcliffe2021,,,
Buxari-31_foot-1-1,Buxari-31_foot-1,ridƷil,foot,false,expert,Ratcliffe2021,,,
Maltese-32_full-1-1,Maltese-32_full-1,mi_mli,full,false,expert,Ratcliffe2021,,,
Cairene-32_full-1-1,Cairene-32_full-1,malj_aan,full,false,expert,Ratcliffe2021,,,
Damascene-32_full-1-1,Damascene-32_full-1,mal_a:n,full,false,expert,Ratcliffe2021,,,
Soukhne-32_full-1-1,Soukhne-32_full-1,malja:_n_madm_u:ʦ,full,false,expert,Ratcliffe2021,,,
AqraArbilArabic-32_full-1-1,AqraArbilArabic-32_full-1,əmmal_a,full,false,expert,Ratcliffe2021,,,
CypriotArabic-32_full-1-1,CypriotArabic-32_full-1,mpla_n_m-l-',full,false,expert,Ratcliffe2021,,,
NigerianArabic-32_full-1-1,NigerianArabic-32_full-1,malʔan,full,false,expert,Ratcliffe2021,,,
Kinubi-32_full-1-1,Kinubi-32_full-1,mal’jan,full,false,expert,Ratcliffe2021,,,
MoroccanArabic-33_give-1-1,MoroccanArabic-33_give-1,ʕtˁa,give,false,expert,Ratcliffe2021,,,
Maltese-33_give-1-1,Maltese-33_give-1,ta,give,false,expert,Ratcliffe2021,,,
Damascene-33_give-1-1,Damascene-33_give-1,ʕatˁa,give,false,expert,Ratcliffe2021,,,
AqraArbilArabic-33_give-1-1,AqraArbilArabic-33_give-1,ʕatˁa,give,false,expert,Ratcliffe2021,,,
CypriotArabic-33_give-1-1,CypriotArabic-33_give-1,ʕ-tˁ-_y,give,false,expert,Ratcliffe2021,,,
NigerianArabic-33_give-1-1,NigerianArabic-33_give-1,tˁaʔan,give,false,expert,Ratcliffe2021,,,
Kinubi-33_give-1-1,Kinubi-33_give-1,we’di,give,false,expert,Ratcliffe2021,,,
Maltese-34_goodadj-1-1,Maltese-34_goodadj-1,Tajj_eb,goodadj,false,expert,Ratcliffe2021,,,
YemeniticArabic-34_goodadj-1-1,YemeniticArabic-34_goodadj-1,tˁajji_b,goodadj,false,expert,Ratcliffe2021,,,
MoroccanArabic-35_green-1-1,MoroccanArabic-35_green-1,xdˁ_er,green,false,expert,Ratcliffe2021,,,
Maltese-35_green-1-1,Maltese-35_green-1,aħd_ar,green,false,expert,Ratcliffe2021,,,
Cairene-35_green-1-1,Cairene-35_green-1,ʔax_dˁar,green,false,expert,Ratcliffe2021,,,
Damascene-35_green-1-1,Damascene-35_green-1,ʔaxdˁ_ar,green,false,expert,Ratcliffe2021,,,
Iraqi-35_green-1-1,Iraqi-35_green-1,ʔaxðˁ_ar,green,false,expert,Ratcliffe2021,,,
Soukhne-35_green-1-1,Soukhne-35_green-1,ʔaxðˁ_ar,green,false,expert,Ratcliffe2021,,,
AqraArbilArabic-35_green-1-1,AqraArbilArabic-35_green-1,axdˁa_r,green,false,expert,Ratcliffe2021,,,
CypriotArabic-35_green-1-1,CypriotArabic-35_green-1,x-_dˁ-r,green,false,expert,Ratcliffe2021,,,
GulfArabic-35_green-1-1,GulfArabic-35_green-1,ʔaxdˤ_ar,green,false,expert,Ratcliffe2021,,,
YemeniticArabic-35_green-1-1,YemeniticArabic-35_green-1,ʔaxðˁ_ar,green,false,expert,Ratcliffe2021,,,
NigerianArabic-35_green-1-1,NigerianArabic-35_green-1,axadˁar,green,false,expert,Ratcliffe2021,,,
Buxari-35_green-1-1,Buxari-35_green-1,ʔaxzar,green,false,expert,Ratcliffe2021,,,
MoroccanArabic-36_hair-1-1,MoroccanArabic-36_hair-1,ʃʕer,hair,false,expert,Ratcliffe2021,,,
Maltese-36_hair-1-1,Maltese-36_hair-1,ʃaʕa_r,hair,false,expert,Ratcliffe2021,,,
Cairene-36_hair-1-1,Cairene-36_hair-1,ʃaʕr,hair,false,expert,Ratcliffe2021,,,
Damascene-36_hair-1-1,Damascene-36_hair-1,ʃaʕər,hair,false,expert,Ratcliffe2021,,,
Iraqi-36_hair-1-1,Iraqi-36_hair-1,ʃaʕra,hair,false,expert,Ratcliffe2021,,,
Soukhne-36_hair-1-1,Soukhne-36_hair-1,ʃaʕra,hair,false,expert,Ratcliffe2021,,,
CypriotArabic-36_hair-1-1,CypriotArabic-36_hair-1,ʃaxve_ʃ-ʕ-f,hair,false,expert,Ratcliffe2021,,,
GulfArabic-36_hair-1-1,GulfArabic-36_hair-1,ʃaʕar,hair,false,expert,Ratcliffe2021,,,
YemeniticArabic-36_hair-1-1,YemeniticArabic-36_hair-1,ʃaʕra,hair,false,expert,Ratcliffe2021,,,
NigerianArabic-36_hair-1-1,NigerianArabic-36_hair-1,ʃiʔir,hair,false,expert,Ratcliffe2021,,,
Kinubi-36_hair-1-1,Kinubi-36_hair-1,su,hair,false,expert,Ratcliffe2021,,,
MoroccanArabic-37_hand-1-1,MoroccanArabic-37_hand-1,idd,hand,false,expert,Ratcliffe2021,,,
Maltese-37_hand-1-1,Maltese-37_hand-1,id,hand,false,expert,Ratcliffe2021,,,
Cairene-37_hand-1-1,Cairene-37_hand-1,i:d,hand,false,expert,Ratcliffe2021,,,
Damascene-37_hand-1-1,Damascene-37_hand-1,ʔi:d,hand,false,expert,Ratcliffe2021,,,
Iraqi-37_hand-1-1,Iraqi-37_hand-1,ʔi:d,hand,false,expert,Ratcliffe2021,,,
Soukhne-37_hand-1-1,Soukhne-37_hand-1,eed,hand,false,expert,Ratcliffe2021,,,
AqraArbilArabic-37_hand-1-1,AqraArbilArabic-37_hand-1,i:d,hand,false,expert,Ratcliffe2021,,,
CypriotArabic-37_hand-1-1,CypriotArabic-37_hand-1,ity-d,hand,false,expert,Ratcliffe2021,,,
GulfArabic-37_hand-1-1,GulfArabic-37_hand-1,yad,hand,false,expert,Ratcliffe2021,,,
YemeniticArabic-37_hand-1-1,YemeniticArabic-37_hand-1,yad,hand,false,expert,Ratcliffe2021,,,
NigerianArabic-37_hand-1-1,NigerianArabic-37_hand-1,i:d,hand,false,expert,Ratcliffe2021,,,
Buxari-37_hand-1-1,Buxari-37_hand-1,yad,hand,false,expert,Ratcliffe2021,,,
Kinubi-37_hand-1-1,Kinubi-37_hand-1,ida,hand,false,expert,Ratcliffe2021,,,
MoroccanArabic-38_head-1-1,MoroccanArabic-38_head-1,rˁas_ˁ,head,false,expert,Ratcliffe2021,,,
Maltese-38_head-1-1,Maltese-38_head-1,ras,head,false,expert,Ratcliffe2021,,,
Cairene-38_head-1-1,Cairene-38_head-1,rˁaa_s,head,false,expert,Ratcliffe2021,,,
Damascene-38_head-1-1,Damascene-38_head-1,ra:s,head,false,expert,Ratcliffe2021,,,
Iraqi-38_head-1-1,Iraqi-38_head-1,ra:s,head,false,expert,Ratcliffe2021,,,
Soukhne-38_head-1-1,Soukhne-38_head-1,rˁa:s,head,false,expert,Ratcliffe2021,,,
AqraArbilArabic-38_head-1-1,AqraArbilArabic-38_head-1,rˁa:s,head,false,expert,Ratcliffe2021,,,
GulfArabic-38_head-1-1,GulfArabic-38_head-1,raas,head,false,expert,Ratcliffe2021,,,
YemeniticArabic-38_head-1-1,YemeniticArabic-38_head-1,raʔs,head,false,expert,Ratcliffe2021,,,
NigerianArabic-38_head-1-1,NigerianArabic-38_head-1,ra:s,head,false,expert,Ratcliffe2021,,,
Buxari-38_head-1-1,Buxari-38_head-1,ṛaaṣ,head,false,expert,Ratcliffe2021,,,
Kinubi-38_head-1-1,Kinubi-38_head-1,ras,head,false,expert,Ratcliffe2021,,,
MoroccanArabic-39_hear-1-1,MoroccanArabic-39_hear-1,sm_eʕ,hear,false,expert,Ratcliffe2021,,,
Maltese-39_hear-1-1,Maltese-39_hear-1,sam_a’,hear,false,expert,Ratcliffe2021,,,
Cairene-39_hear-1-1,Cairene-39_hear-1,simi_ʕ,hear,false,expert,Ratcliffe2021,,,
Damascene-39_hear-1-1,Damascene-39_hear-1,səme_ʕ,hear,false,expert,Ratcliffe2021,,,
Iraqi-39_hear-1-1,Iraqi-39_hear-1,sima_ʕ,hear,false,expert,Ratcliffe2021,,,
Soukhne-39_hear-1-1,Soukhne-39_hear-1,ismiʕ,hear,false,expert,Ratcliffe2021,,,
AqraArbilArabic-39_hear-1-1,AqraArbilArabic-39_hear-1,səmə_ʕ,hear,false,expert,Ratcliffe2021,,,
CypriotArabic-39_hear-1-1,CypriotArabic-39_hear-1,s-m-_ʕ,hear,false,expert,Ratcliffe2021,,,
GulfArabic-39_hear-1-1,GulfArabic-39_hear-1,sima_ʕ,hear,false,expert,Ratcliffe2021,,,
YemeniticArabic-39_hear-1-1,YemeniticArabic-39_hear-1,simiʕ_*,hear,false,expert,Ratcliffe2021,,,
NigerianArabic-39_hear-1-1,NigerianArabic-39_hear-1,simi,hear,false,expert,Ratcliffe2021,,,
Buxari-39_hear-1-1,Buxari-39_hear-1,samaʕ,hear,false,expert,Ratcliffe2021,,,
Kinubi-39_hear-1-1,Kinubi-39_hear-1,‘asma,hear,false,expert,Ratcliffe2021,,,
MoroccanArabic-40_heart-1-1,MoroccanArabic-40_heart-1,qel_b,heart,false,expert,Ratcliffe2021,,,
Maltese-40_heart-1-1,Maltese-40_heart-1,ʔalb,heart,false,expert,Ratcliffe2021,,,
Cairene-40_heart-1-1,Cairene-40_heart-1,ʔalb,heart,false,expert,Ratcliffe2021,,,
Damascene-40_heart-1-1,Damascene-40_heart-1,ʔalb,heart,false,expert,Ratcliffe2021,,,
Iraqi-40_heart-1-1,Iraqi-40_heart-1,qalb,heart,false,expert,Ratcliffe2021,,,
Soukhne-40_heart-1-1,Soukhne-40_heart-1,kalˤb,heart,false,expert,Ratcliffe2021,,,
CypriotArabic-40_heart-1-1,CypriotArabic-40_heart-1,kilep,heart,false,expert,Ratcliffe2021,,,
GulfArabic-40_heart-1-1,GulfArabic-40_heart-1,galb,heart,false,expert,Ratcliffe2021,,,
YemeniticArabic-40_heart-1-1,YemeniticArabic-40_heart-1,galb,heart,false,expert,Ratcliffe2021,,,
NigerianArabic-40_heart-1-1,NigerianArabic-40_heart-1,galib,heart,false,expert,Ratcliffe2021,,,
Buxari-40_heart-1-1,Buxari-40_heart-1,qalb,heart,false,expert,Ratcliffe2021,,,
Kinubi-40_heart-1-1,Kinubi-40_heart-1,gelba,heart,false,expert,Ratcliffe2021,,,
MoroccanArabic-41_horn-1-1,MoroccanArabic-41_horn-1,qer_ˁn,horn,false,expert,Ratcliffe2021,,,
Maltese-41_horn-1-1,Maltese-41_horn-1,ʔarn,horn,false,expert,Ratcliffe2021,,,
Cairene-41_horn-1-1,Cairene-41_horn-1,ʔarn,horn,false,expert,Ratcliffe2021,,,
Damascene-41_horn-1-1,Damascene-41_horn-1,ʔarən,horn,false,expert,Ratcliffe2021,,,
Iraqi-41_horn-1-1,Iraqi-41_horn-1,girin,horn,false,expert,Ratcliffe2021,,,
Soukhne-41_horn-1-1,Soukhne-41_horn-1,girin,horn,false,expert,Ratcliffe2021,,,
CypriotArabic-41_horn-1-1,CypriotArabic-41_horn-1,korn_e,horn,false,expert,Ratcliffe2021,,,
GulfArabic-41_horn-1-1,GulfArabic-41_horn-1,garn,horn,false,expert,Ratcliffe2021,,,
YemeniticArabic-41_horn-1-1,YemeniticArabic-41_horn-1,garn*,horn,false,expert,Ratcliffe2021,,,
NigerianArabic-41_horn-1-1,NigerianArabic-41_horn-1,garn,horn,false,expert,Ratcliffe2021,,,
Kinubi-41_horn-1-1,Kinubi-41_horn-1,*gurun,horn,false,expert,Ratcliffe2021,,,
MoroccanArabic-42_i-1-1,MoroccanArabic-42_i-1,ana,i,false,expert,Ratcliffe2021,,,
Maltese-42_i-1-1,Maltese-42_i-1,ji:n,i,false,expert,Ratcliffe2021,,,
Cairene-42_i-1-1,Cairene-42_i-1,ana,i,false,expert,Ratcliffe2021,,,
Damascene-42_i-1-1,Damascene-42_i-1,ʔana,i,false,expert,Ratcliffe2021,,,
Iraqi-42_i-1-1,Iraqi-42_i-1,ʔa:ni,i,false,expert,Ratcliffe2021,,,
Soukhne-42_i-1-1,Soukhne-42_i-1,ana,i,false,expert,Ratcliffe2021,,,
AqraArbilArabic-42_i-1-1,AqraArbilArabic-42_i-1,ana,i,false,expert,Ratcliffe2021,,,
CypriotArabic-42_i-1-1,CypriotArabic-42_i-1,ʔ-n-_a,i,false,expert,Ratcliffe2021,,,
GulfArabic-42_i-1-1,GulfArabic-42_i-1,ana,i,false,expert,Ratcliffe2021,,,
YemeniticArabic-42_i-1-1,YemeniticArabic-42_i-1,ʔana,i,false,expert,Ratcliffe2021,,,
NigerianArabic-42_i-1-1,NigerianArabic-42_i-1,ana,i,false,expert,Ratcliffe2021,,,
Buxari-42_i-1-1,Buxari-42_i-1,anaa,i,false,expert,Ratcliffe2021,,,
Kinubi-42_i-1-1,Kinubi-42_i-1,‘ana,i,false,expert,Ratcliffe2021,,,
MoroccanArabic-43_kill-1-1,MoroccanArabic-43_kill-1,qtel,kill,false,expert,Ratcliffe2021,,,
Maltese-43_kill-1-1,Maltese-43_kill-1,ʔate_l,kill,false,expert,Ratcliffe2021,,,
Damascene-43_kill-1-1,Damascene-43_kill-1,ʔatal,kill,false,expert,Ratcliffe2021,,,
Iraqi-43_kill-1-1,Iraqi-43_kill-1,kital,kill,false,expert,Ratcliffe2021,,,
Soukhne-43_kill-1-1,Soukhne-43_kill-1,katal,kill,false,expert,Ratcliffe2021,,,
AqraArbilArabic-43_kill-1-1,AqraArbilArabic-43_kill-1,qatal,kill,false,expert,Ratcliffe2021,,,
CypriotArabic-43_kill-1-1,CypriotArabic-43_kill-1,q-t-l,kill,false,expert,Ratcliffe2021,,,
GulfArabic-43_kill-1-1,GulfArabic-43_kill-1,gital,kill,false,expert,Ratcliffe2021,,,
YemeniticArabic-43_kill-1-1,YemeniticArabic-43_kill-1,gatal,kill,false,expert,Ratcliffe2021,,,
NigerianArabic-43_kill-1-1,NigerianArabic-43_kill-1,katal,kill,false,expert,Ratcliffe2021,,,
Buxari-43_kill-1-1,Buxari-43_kill-1,qa’tal,kill,false,expert,Ratcliffe2021,,,
Kinubi-43_kill-1-1,Kinubi-43_kill-1,katul,kill,false,expert,Ratcliffe2021,,,
MoroccanArabic-44_knee-1-1,MoroccanArabic-44_knee-1,rok_ba,knee,false,expert,Ratcliffe2021,,,
Maltese-44_knee-1-1,Maltese-44_knee-1,rko_bba,knee,false,expert,Ratcliffe2021,,,
Cairene-44_knee-1-1,Cairene-44_knee-1,ruk_ba*,knee,false,expert,Ratcliffe2021,,,
Damascene-44_knee-1-1,Damascene-44_knee-1,rəkb_e,knee,false,expert,Ratcliffe2021,,,
Iraqi-44_knee-1-1,Iraqi-44_knee-1,rukb_a,knee,false,expert,Ratcliffe2021,,,
Soukhne-44_knee-1-1,Soukhne-44_knee-1,rˤuʧb_i,knee,false,expert,Ratcliffe2021,,,
GulfArabic-44_knee-1-1,GulfArabic-44_knee-1,rikba,knee,false,expert,Ratcliffe2021,,,
YemeniticArabic-44_knee-1-1,YemeniticArabic-44_knee-1,rukbi_h*,knee,false,expert,Ratcliffe2021,,,
NigerianArabic-44_knee-1-1,NigerianArabic-44_knee-1,rukuba,knee,false,expert,Ratcliffe2021,,,
Kinubi-44_knee-1-1,Kinubi-44_knee-1,*rukuba,knee,false,expert,Ratcliffe2021,,,
MoroccanArabic-45_know-1-1,MoroccanArabic-45_know-1,ʕrˁe_f,know,false,expert,Ratcliffe2021,,,
Maltese-45_know-1-1,Maltese-45_know-1,jaf,know,false,expert,Ratcliffe2021,,,
Cairene-45_know-1-1,Cairene-45_know-1,ʕirif,know,false,expert,Ratcliffe2021,,,
Damascene-45_know-1-1,Damascene-45_know-1,ʕəref,know,false,expert,Ratcliffe2021,,,
Iraqi-45_know-1-1,Iraqi-45_know-1,ʕiraf,know,false,expert,Ratcliffe2021,,,
Soukhne-45_know-1-1,Soukhne-45_know-1,ʕarˤaf,know,false,expert,Ratcliffe2021,,,
AqraArbilArabic-45_know-1-1,AqraArbilArabic-45_know-1,ʕərəf,know,false,expert,Ratcliffe2021,,,
CypriotArabic-45_know-1-1,CypriotArabic-45_know-1,ʕ-r-f,know,false,expert,Ratcliffe2021,,,
GulfArabic-45_know-1-1,GulfArabic-45_know-1,ʕaraf,know,false,expert,Ratcliffe2021,,,
NigerianArabic-45_know-1-1,NigerianArabic-45_know-1,ʕirif,know,false,expert,Ratcliffe2021,,,
Kinubi-45_know-1-1,Kinubi-45_know-1,‘arufu,know,false,expert,Ratcliffe2021,,,
MoroccanArabic-46_leaf-1-1,MoroccanArabic-46_leaf-1,wer_qa,leaf,false,expert,Ratcliffe2021,,,
Maltese-46_leaf-1-1,Maltese-46_leaf-1,wer_ʔa,leaf,false,expert,Ratcliffe2021,,,
Cairene-46_leaf-1-1,Cairene-46_leaf-1,war_ʔa*,leaf,false,expert,Ratcliffe2021,,,
Damascene-46_leaf-1-1,Damascene-46_leaf-1,wara_ʔa,leaf,false,expert,Ratcliffe2021,,,
Iraqi-46_leaf-1-1,Iraqi-46_leaf-1,warg_a,leaf,false,expert,Ratcliffe2021,,,
Soukhne-46_leaf-1-1,Soukhne-46_leaf-1,wara_ka,leaf,false,expert,Ratcliffe2021,,,
AqraArbilArabic-46_leaf-1-1,AqraArbilArabic-46_leaf-1,wara_qa,leaf,false,expert,Ratcliffe2021,,,
GulfArabic-46_leaf-1-1,GulfArabic-46_leaf-1,wriga,leaf,false,expert,Ratcliffe2021,,,
YemeniticArabic-46_leaf-1-1,YemeniticArabic-46_leaf-1,wara_gih*,leaf,false,expert,Ratcliffe2021,,,
NigerianArabic-46_leaf-1-1,NigerianArabic-46_leaf-1,waraga,leaf,false,expert,Ratcliffe2021,,,
Buxari-46_leaf-1-1,Buxari-46_leaf-1,varaq,leaf,false,expert,Ratcliffe2021,,,
YemeniticArabic-47_lie-1-1,YemeniticArabic-47_lie-1,ragad*,lie,false,expert,Ratcliffe2021,,,
NigerianArabic-47_lie-1-1,NigerianArabic-47_lie-1,ragad,lie,false,expert,Ratcliffe2021,,,
MoroccanArabic-48_liver-1-1,MoroccanArabic-48_liver-1,keb_da,liver,false,expert,Ratcliffe2021,,,
Cairene-48_liver-1-1,Cairene-48_liver-1,kibda*,liver,false,expert,Ratcliffe2021,,,
Damascene-48_liver-1-1,Damascene-48_liver-1,kəbəd,liver,false,expert,Ratcliffe2021,,,
Iraqi-48_liver-1-1,Iraqi-48_liver-1,kabda,liver,false,expert,Ratcliffe2021,,,
GulfArabic-48_liver-1-1,GulfArabic-48_liver-1,ʧibd,liver,false,expert,Ratcliffe2021,,,
YemeniticArabic-48_liver-1-1,YemeniticArabic-48_liver-1,kabdih*,liver,false,expert,Ratcliffe2021,,,
NigerianArabic-48_liver-1-1,NigerianArabic-48_liver-1,kibde,liver,false,expert,Ratcliffe2021,,,
Buxari-48_liver-1-1,Buxari-48_liver-1,kabda,liver,false,expert,Ratcliffe2021,,,
Kinubi-48_liver-1-1,Kinubi-48_liver-1,*koobda,liver,false,expert,Ratcliffe2021,,,
MoroccanArabic-49_long-1-1,MoroccanArabic-49_long-1,tˁwi_l,long,false,expert,Ratcliffe2021,,,
Maltese-49_long-1-1,Maltese-49_long-1,twil,long,false,expert,Ratcliffe2021,,,
Cairene-49_long-1-1,Cairene-49_long-1,tˁaw_i:l,long,false,expert,Ratcliffe2021,,,
Damascene-49_long-1-1,Damascene-49_long-1,tˁawi:_l,long,false,expert,Ratcliffe2021,,,
Iraqi-49_long-1-1,Iraqi-49_long-1,tˁuwi:_l,long,false,expert,Ratcliffe2021,,,
Soukhne-49_long-1-1,Soukhne-49_long-1,tˁawi:_l,long,false,expert,Ratcliffe2021,,,
AqraArbilArabic-49_long-1-1,AqraArbilArabic-49_long-1,tˁ-w-_l,long,false,expert,Ratcliffe2021,,,
CypriotArabic-49_long-1-1,CypriotArabic-49_long-1,tˁ-w-_l,long,false,expert,Ratcliffe2021,,,
GulfArabic-49_long-1-1,GulfArabic-49_long-1,tˤawii_l,long,false,expert,Ratcliffe2021,,,
YemeniticArabic-49_long-1-1,YemeniticArabic-49_long-1,tˁawi:_l,long,false,expert,Ratcliffe2021,,,
NigerianArabic-49_long-1-1,NigerianArabic-49_long-1,tˁawil,long,false,expert,Ratcliffe2021,,,
Buxari-49_long-1-1,Buxari-49_long-1,ta’viil,long,false,expert,Ratcliffe2021,,,
Kinubi-49_long-1-1,Kinubi-49_long-1,towil,long,false,expert,Ratcliffe2021,,,
MoroccanArabic-50_louse-1-1,MoroccanArabic-50_louse-1,qe_mla,louse,false,expert,Ratcliffe2021,,,
Maltese-50_louse-1-1,Maltese-50_louse-1,ʔam_la,louse,false,expert,Ratcliffe2021,,,
Cairene-50_louse-1-1,Cairene-50_louse-1,ʔam_la*,louse,false,expert,Ratcliffe2021,,,
Damascene-50_louse-1-1,Damascene-50_louse-1,ʔaml_e,louse,false,expert,Ratcliffe2021,,,
Iraqi-50_louse-1-1,Iraqi-50_louse-1,gamlˁ_a,louse,false,expert,Ratcliffe2021,,,
Soukhne-50_louse-1-1,Soukhne-50_louse-1,kamlˤ,louse,false,expert,Ratcliffe2021,,,
CypriotArabic-50_louse-1-1,CypriotArabic-50_louse-1,q-m-_l,louse,false,expert,Ratcliffe2021,,,
GulfArabic-50_louse-1-1,GulfArabic-50_louse-1,gaml_a,louse,false,expert,Ratcliffe2021,,,
YemeniticArabic-50_louse-1-1,YemeniticArabic-50_louse-1,gaml_eh,louse,false,expert,Ratcliffe2021,,,
Buxari-50_louse-1-1,Buxari-50_louse-1,qamla,louse,false,expert,Ratcliffe2021,,,
MoroccanArabic-51_man-1-1,MoroccanArabic-51_man-1,rˁaʒ_el,man,false,expert,Ratcliffe2021,,,
Maltese-51_man-1-1,Maltese-51_man-1,raʤ_el,man,false,expert,Ratcliffe2021,,,
Cairene-51_man-1-1,Cairene-51_man-1,rˁa:_gil,man,false,expert,Ratcliffe2021,,,
Damascene-51_man-1-1,Damascene-51_man-1,rəʤʤ_a:l,man,false,expert,Ratcliffe2021,,,
Iraqi-51_man-1-1,Iraqi-51_man-1,riʤʤ_a:l,man,false,expert,Ratcliffe2021,,,
AqraArbilArabic-51_man-1-1,AqraArbilArabic-51_man-1,raʤə_l,man,false,expert,Ratcliffe2021,,,
GulfArabic-51_man-1-1,GulfArabic-51_man-1,rayya_al,man,false,expert,Ratcliffe2021,,,
YemeniticArabic-51_man-1-1,YemeniticArabic-51_man-1,raʤʤ_a:l,man,false,expert,Ratcliffe2021,,,
NigerianArabic-51_man-1-1,NigerianArabic-51_man-1,raʤil,man,false,expert,Ratcliffe2021,,,
Kinubi-51_man-1-1,Kinubi-51_man-1,ragi,man,false,expert,Ratcliffe2021,,,
Cairene-52_many-1-1,Cairene-52_many-1,kitii_r,many,false,expert,Ratcliffe2021,,,
Damascene-52_many-1-1,Damascene-52_many-1,kti:r,many,false,expert,Ratcliffe2021,,,
Soukhne-52_many-1-1,Soukhne-52_many-1,ʧθi:r,many,false,expert,Ratcliffe2021,,,
AqraArbilArabic-52_many-1-1,AqraArbilArabic-52_many-1,kəti:r,many,false,expert,Ratcliffe2021,,,
CypriotArabic-52_many-1-1,CypriotArabic-52_many-1,xtir,many,false,expert,Ratcliffe2021,,,
YemeniticArabic-52_many-1-1,YemeniticArabic-52_many-1,kaθi:_r,many,false,expert,Ratcliffe2021,,,
NigerianArabic-52_many-1-1,NigerianArabic-52_many-1,kati:r,many,false,expert,Ratcliffe2021,,,
Buxari-52_many-1-1,Buxari-52_many-1,ka’siir,many,false,expert,Ratcliffe2021,,,
Kinubi-52_many-1-1,Kinubi-52_many-1,*milan,many,false,expert,Ratcliffe2021,,,
MoroccanArabic-53_meat-1-1,MoroccanArabic-53_meat-1,lħa_m,meat,false,expert,Ratcliffe2021,,,
Maltese-53_meat-1-1,Maltese-53_meat-1,laħa_m,meat,false,expert,Ratcliffe2021,,,
Cairene-53_meat-1-1,Cairene-53_meat-1,laħ_ma,meat,false,expert,Ratcliffe2021,,,
Iraqi-53_meat-1-1,Iraqi-53_meat-1,laħa_m,meat,false,expert,Ratcliffe2021,,,
Soukhne-53_meat-1-1,Soukhne-53_meat-1,laħm,meat,false,expert,Ratcliffe2021,,,
AqraArbilArabic-53_meat-1-1,AqraArbilArabic-53_meat-1,laħə_m,meat,false,expert,Ratcliffe2021,,,
CypriotArabic-53_meat-1-1,CypriotArabic-53_meat-1,l-ħ-_m,meat,false,expert,Ratcliffe2021,,,
GulfArabic-53_meat-1-1,GulfArabic-53_meat-1,laħa_m,meat,false,expert,Ratcliffe2021,,,
YemeniticArabic-53_meat-1-1,YemeniticArabic-53_meat-1,laħm,meat,false,expert,Ratcliffe2021,,,
NigerianArabic-53_meat-1-1,NigerianArabic-53_meat-1,la:ma,meat,false,expert,Ratcliffe2021,,,
Buxari-53_meat-1-1,Buxari-53_meat-1,læħəm,meat,false,expert,Ratcliffe2021,,,
Kinubi-53_meat-1-1,Kinubi-53_meat-1,la:m,meat,false,expert,Ratcliffe2021,,,
MoroccanArabic-54_moon-1-1,MoroccanArabic-54_moon-1,ga_mrˁ_a,moon,false,expert,Ratcliffe2021,,,
Maltese-54_moon-1-1,Maltese-54_moon-1,ʔam_ar,moon,false,expert,Ratcliffe2021,,,
Cairene-54_moon-1-1,Cairene-54_moon-1,ʔam_ar,moon,false,expert,Ratcliffe2021,,,
Damascene-54_moon-1-1,Damascene-54_moon-1,ʔama_rˁ,moon,false,expert,Ratcliffe2021,,,
Iraqi-54_moon-1-1,Iraqi-54_moon-1,gum_ar,moon,false,expert,Ratcliffe2021,,,
Soukhne-54_moon-1-1,Soukhne-54_moon-1,kama_rˤ,moon,false,expert,Ratcliffe2021,,,
CypriotArabic-54_moon-1-1,CypriotArabic-54_moon-1,q-m-_r,moon,false,expert,Ratcliffe2021,,,
GulfArabic-54_moon-1-1,GulfArabic-54_moon-1,gama_r,moon,false,expert,Ratcliffe2021,,,
YemeniticArabic-54_moon-1-1,YemeniticArabic-54_moon-1,gama_r,moon,false,expert,Ratcliffe2021,,,
NigerianArabic-54_moon-1-1,NigerianArabic-54_moon-1,gamar,moon,false,expert,Ratcliffe2021,,,
Buxari-54_moon-1-1,Buxari-54_moon-1,qamar,moon,false,expert,Ratcliffe2021,,,
MoroccanArabic-55_mountain-1-1,MoroccanArabic-55_mountain-1,ʒbe_l,mountain,false,expert,Ratcliffe2021,,,
Cairene-55_mountain-1-1,Cairene-55_mountain-1,gab_al*,mountain,false,expert,Ratcliffe2021,,,
Damascene-55_mountain-1-1,Damascene-55_mountain-1,ʤab_al,mountain,false,expert,Ratcliffe2021,,,
Iraqi-55_mountain-1-1,Iraqi-55_mountain-1,ʤiba_l,mountain,false,expert,Ratcliffe2021,,,
Soukhne-55_mountain-1-1,Soukhne-55_mountain-1,ʦaba_l,mountain,false,expert,Ratcliffe2021,,,
AqraArbilArabic-55_mountain-1-1,AqraArbilArabic-55_mountain-1,ʤab_al,mountain,false,expert,Ratcliffe2021,,,
CypriotArabic-55_mountain-1-1,CypriotArabic-55_mountain-1,ʒipel,mountain,false,expert,Ratcliffe2021,,,
GulfArabic-55_mountain-1-1,GulfArabic-55_mountain-1,ʤiba_l,mountain,false,expert,Ratcliffe2021,,,
YemeniticArabic-55_mountain-1-1,YemeniticArabic-55_mountain-1,ʤab_al*,mountain,false,expert,Ratcliffe2021,,,
Buxari-55_mountain-1-1,Buxari-55_mountain-1,dƷabal,mountain,false,expert,Ratcliffe2021,,,
Kinubi-55_mountain-1-1,Kinubi-55_mountain-1,ʤebel,mountain,false,expert,Ratcliffe2021,,,
MoroccanArabic-56_mouth-1-1,MoroccanArabic-56_mouth-1,fo_mm,mouth,false,expert,Ratcliffe2021,,,
YemeniticArabic-56_mouth-1-1,YemeniticArabic-56_mouth-1,fum_m*,mouth,false,expert,Ratcliffe2021,,,
MoroccanArabic-57_name-1-1,MoroccanArabic-57_name-1,smi_ja,name,false,expert,Ratcliffe2021,,,
Maltese-57_name-1-1,Maltese-57_name-1,ise_m,name,false,expert,Ratcliffe2021,,,
Cairene-57_name-1-1,Cairene-57_name-1,ism,name,false,expert,Ratcliffe2021,,,
Damascene-57_name-1-1,Damascene-57_name-1,ʔəsə_m,name,false,expert,Ratcliffe2021,,,
Iraqi-57_name-1-1,Iraqi-57_name-1,ʔisim,name,false,expert,Ratcliffe2021,,,
Soukhne-57_name-1-1,Soukhne-57_name-1,ism,name,false,expert,Ratcliffe2021,,,
AqraArbilArabic-57_name-1-1,AqraArbilArabic-57_name-1,əsəm,name,false,expert,Ratcliffe2021,,,
CypriotArabic-57_name-1-1,CypriotArabic-57_name-1,ʔ-s-_m,name,false,expert,Ratcliffe2021,,,
GulfArabic-57_name-1-1,GulfArabic-57_name-1,isim,name,false,expert,Ratcliffe2021,,,
YemeniticArabic-57_name-1-1,YemeniticArabic-57_name-1,ʔism,name,false,expert,Ratcliffe2021,,,
NigerianArabic-57_name-1-1,NigerianArabic-57_name-1,isim,name,false,expert,Ratcliffe2021,,,
Buxari-57_name-1-1,Buxari-57_name-1,ʔisim,name,false,expert,Ratcliffe2021,,,
Kinubi-57_name-1-1,Kinubi-57_name-1,*asma,name,false,expert,Ratcliffe2021,,,
MoroccanArabic-58_neck-1-1,MoroccanArabic-58_neck-1,ʕenq,neck,false,expert,Ratcliffe2021,,,
Maltese-58_neck-1-1,Maltese-58_neck-1,ʕonʔ,neck,false,expert,Ratcliffe2021,,,
MoroccanArabic-59_new-1-1,MoroccanArabic-59_new-1,ʒdi_d,new,false,expert,Ratcliffe2021,,,
Maltese-59_new-1-1,Maltese-59_new-1,ʤdi_da,new,false,expert,Ratcliffe2021,,,
Cairene-59_new-1-1,Cairene-59_new-1,gidii_d,new,false,expert,Ratcliffe2021,,,
Damascene-59_new-1-1,Damascene-59_new-1,ʤdi:_d,new,false,expert,Ratcliffe2021,,,
Iraqi-59_new-1-1,Iraqi-59_new-1,ʤidi:_d,new,false,expert,Ratcliffe2021,,,
Soukhne-59_new-1-1,Soukhne-59_new-1,ʦadi:_d,new,false,expert,Ratcliffe2021,,,
AqraArbilArabic-59_new-1-1,AqraArbilArabic-59_new-1,ʤədi_:d,new,false,expert,Ratcliffe2021,,,
CypriotArabic-59_new-1-1,CypriotArabic-59_new-1,ʒtit_ʤ-_d-d,new,false,expert,Ratcliffe2021,,,
GulfArabic-59_new-1-1,GulfArabic-59_new-1,ʤadi_id,new,false,expert,Ratcliffe2021,,,
YemeniticArabic-59_new-1-1,YemeniticArabic-59_new-1,ʤadi_:d,new,false,expert,Ratcliffe2021,,,
NigerianArabic-59_new-1-1,NigerianArabic-59_new-1,ʤadi:d,new,false,expert,Ratcliffe2021,,,
Buxari-59_new-1-1,Buxari-59_new-1,dƷadiid,new,false,expert,Ratcliffe2021,,,
Kinubi-59_new-1-1,Kinubi-59_new-1,ʤedid,new,false,expert,Ratcliffe2021,,,
MoroccanArabic-60_night-1-1,MoroccanArabic-60_night-1,lila,night,false,expert,Ratcliffe2021,,,
Maltese-60_night-1-1,Maltese-60_night-1,lejl,night,false,expert,Ratcliffe2021,,,
Cairene-60_night-1-1,Cairene-60_night-1,leel_a,night,false,expert,Ratcliffe2021,,,
Damascene-60_night-1-1,Damascene-60_night-1,leele,night,false,expert,Ratcliffe2021,,,
Iraqi-60_night-1-1,Iraqi-60_night-1,leela,night,false,expert,Ratcliffe2021,,,
Soukhne-60_night-1-1,Soukhne-60_night-1,leeli,night,false,expert,Ratcliffe2021,,,
AqraArbilArabic-60_night-1-1,AqraArbilArabic-60_night-1,lajl,night,false,expert,Ratcliffe2021,,,
CypriotArabic-60_night-1-1,CypriotArabic-60_night-1,l-y-l,night,false,expert,Ratcliffe2021,,,
GulfArabic-60_night-1-1,GulfArabic-60_night-1,leel,night,false,expert,Ratcliffe2021,,,
YemeniticArabic-60_night-1-1,YemeniticArabic-60_night-1,lajl,night,false,expert,Ratcliffe2021,,,
NigerianArabic-60_night-1-1,NigerianArabic-60_night-1,le:le,night,false,expert,Ratcliffe2021,,,
Buxari-60_night-1-1,Buxari-60_night-1,layl,night,false,expert,Ratcliffe2021,,,
MoroccanArabic-61_nose-1-1,MoroccanArabic-61_nose-1,nif,nose,false,expert,Ratcliffe2021,,,
Damascene-61_nose-1-1,Damascene-61_nose-1,ʔənf,nose,false,expert,Ratcliffe2021,,,
AqraArbilArabic-61_nose-1-1,AqraArbilArabic-61_nose-1,ənf,nose,false,expert,Ratcliffe2021,,,
Buxari-61_nose-1-1,Buxari-61_nose-1,ʔanf,nose,false,expert,Ratcliffe2021,,,
CypriotArabic-62_not-1-1,CypriotArabic-62_not-1,l-ʔ,not,false,expert,Ratcliffe2021,,,
MoroccanArabic-63_one-1-1,MoroccanArabic-63_one-1,wa_ħed,one,false,expert,Ratcliffe2021,,,
Maltese-63_one-1-1,Maltese-63_one-1,wi:ħ_ed,one,false,expert,Ratcliffe2021,,,
Cairene-63_one-1-1,Cairene-63_one-1,wa:_ħid,one,false,expert,Ratcliffe2021,,,
Damascene-63_one-1-1,Damascene-63_one-1,wa:ħ_ed,one,false,expert,Ratcliffe2021,,,
Iraqi-63_one-1-1,Iraqi-63_one-1,wa:ħi_d,one,false,expert,Ratcliffe2021,,,
Soukhne-63_one-1-1,Soukhne-63_one-1,weeħ_di,one,false,expert,Ratcliffe2021,,,
AqraArbilArabic-63_one-1-1,AqraArbilArabic-63_one-1,weeħ_əd,one,false,expert,Ratcliffe2021,,,
CypriotArabic-63_one-1-1,CypriotArabic-63_one-1,exen,one,false,expert,Ratcliffe2021,,,
GulfArabic-63_one-1-1,GulfArabic-63_one-1,waaħ_id,one,false,expert,Ratcliffe2021,,,
YemeniticArabic-63_one-1-1,YemeniticArabic-63_one-1,wa:ħi_d,one,false,expert,Ratcliffe2021,,,
NigerianArabic-63_one-1-1,NigerianArabic-63_one-1,wa:hid,one,false,expert,Ratcliffe2021,,,
Buxari-63_one-1-1,Buxari-63_one-1,waaħid,one,false,expert,Ratcliffe2021,,,
Kinubi-63_one-1-1,Kinubi-63_one-1,wai,one,false,expert,Ratcliffe2021,,,
Soukhne-64_person-1-1,Soukhne-64_person-1,insa:_n_a:da_mi,person,false,expert,Ratcliffe2021,,,
CypriotArabic-64_person-1-1,CypriotArabic-64_person-1,insan_ʔ-n-s,person,false,expert,Ratcliffe2021,,,
Cairene-65_rain-1-1,Cairene-65_rain-1,mat_ˁar,rain,false,expert,Ratcliffe2021,,,
Damascene-65_rain-1-1,Damascene-65_rain-1,mˁatˁ_arˁ,rain,false,expert,Ratcliffe2021,,,
Iraqi-65_rain-1-1,Iraqi-65_rain-1,mutˁ_ar,rain,false,expert,Ratcliffe2021,,,
Soukhne-65_rain-1-1,Soukhne-65_rain-1,matˁ_ar,rain,false,expert,Ratcliffe2021,,,
AqraArbilArabic-65_rain-1-1,AqraArbilArabic-65_rain-1,matˁ_ar,rain,false,expert,Ratcliffe2021,,,
GulfArabic-65_rain-1-1,GulfArabic-65_rain-1,matˤ_ar,rain,false,expert,Ratcliffe2021,,,
YemeniticArabic-65_rain-1-1,YemeniticArabic-65_rain-1,matˁ_ar,rain,false,expert,Ratcliffe2021,,,
NigerianArabic-65_rain-1-1,NigerianArabic-65_rain-1,almatˁara,rain,false,expert,Ratcliffe2021,,,
Buxari-65_rain-1-1,Buxari-65_rain-1,mata’ra,rain,false,expert,Ratcliffe2021,,,
Kinubi-65_rain-1-1,Kinubi-65_rain-1,matara,rain,false,expert,Ratcliffe2021,,,
MoroccanArabic-66_red-1-1,MoroccanArabic-66_red-1,ħm_erˁ,red,false,expert,Ratcliffe2021,,,
Maltese-66_red-1-1,Maltese-66_red-1,aħm_ar,red,false,expert,Ratcliffe2021,,,
Cairene-66_red-1-1,Cairene-66_red-1,aħm_ar,red,false,expert,Ratcliffe2021,,,
Damascene-66_red-1-1,Damascene-66_red-1,ʔaħm_ar,red,false,expert,Ratcliffe2021,,,
Iraqi-66_red-1-1,Iraqi-66_red-1,ʔaħm_ar,red,false,expert,Ratcliffe2021,,,
Soukhne-66_red-1-1,Soukhne-66_red-1,ʔaħm_arˁ,red,false,expert,Ratcliffe2021,,,
AqraArbilArabic-66_red-1-1,AqraArbilArabic-66_red-1,aħma_r,red,false,expert,Ratcliffe2021,,,
CypriotArabic-66_red-1-1,CypriotArabic-66_red-1,axma_r_ħ-m-_r,red,false,expert,Ratcliffe2021,,,
GulfArabic-66_red-1-1,GulfArabic-66_red-1,ʔaħm_ar,red,false,expert,Ratcliffe2021,,,
YemeniticArabic-66_red-1-1,YemeniticArabic-66_red-1,ʔaħm_ar,red,false,expert,Ratcliffe2021,,,
NigerianArabic-66_red-1-1,NigerianArabic-66_red-1,e:mar,red,false,expert,Ratcliffe2021,,,
Buxari-66_red-1-1,Buxari-66_red-1,ʔaħmar,red,false,expert,Ratcliffe2021,,,
Kinubi-66_red-1-1,Kinubi-66_red-1,‘amer,red,false,expert,Ratcliffe2021,,,
MoroccanArabic-67_road-1-1,MoroccanArabic-67_road-1,tˁrˁiq,road,false,expert,Ratcliffe2021,,,
Maltese-67_road-1-1,Maltese-67_road-1,triʔ,road,false,expert,Ratcliffe2021,,,
Cairene-67_road-1-1,Cairene-67_road-1,tˁari:ʔ,road,false,expert,Ratcliffe2021,,,
Damascene-67_road-1-1,Damascene-67_road-1,tˁari:ʔ,road,false,expert,Ratcliffe2021,,,
Iraqi-67_road-1-1,Iraqi-67_road-1,tˁari:q,road,false,expert,Ratcliffe2021,,,
Soukhne-67_road-1-1,Soukhne-67_road-1,tˁari:k,road,false,expert,Ratcliffe2021,,,
AqraArbilArabic-67_road-1-1,AqraArbilArabic-67_road-1,tˁareeq,road,false,expert,Ratcliffe2021,,,
GulfArabic-67_road-1-1,GulfArabic-67_road-1,tˤariig,road,false,expert,Ratcliffe2021,,,
YemeniticArabic-67_road-1-1,YemeniticArabic-67_road-1,tˁari:g,road,false,expert,Ratcliffe2021,,,
MoroccanArabic-68_root-1-1,MoroccanArabic-68_root-1,ʒde_r,root,false,expert,Ratcliffe2021,,,
GulfArabic-68_root-1-1,GulfArabic-68_root-1,jiðir,root,false,expert,Ratcliffe2021,,,
MoroccanArabic-69_round-1-1,MoroccanArabic-69_round-1,mdˁ_uww_er,round,false,expert,Ratcliffe2021,,,
Cairene-69_round-1-1,Cairene-69_round-1,mid_aww_ar*,round,false,expert,Ratcliffe2021,,,
Damascene-69_round-1-1,Damascene-69_round-1,mdaw_war,round,false,expert,Ratcliffe2021,,,
Iraqi-69_round-1-1,Iraqi-69_round-1,mdaw_war,round,false,expert,Ratcliffe2021,,,
Soukhne-69_round-1-1,Soukhne-69_round-1,mda_wwar_ˁ,round,false,expert,Ratcliffe2021,,,
AqraArbilArabic-69_round-1-1,AqraArbilArabic-69_round-1,məda_wwər_ˁ,round,false,expert,Ratcliffe2021,,,
GulfArabic-69_round-1-1,GulfArabic-69_round-1,muda_wwar,round,false,expert,Ratcliffe2021,,,
YemeniticArabic-69_round-1-1,YemeniticArabic-69_round-1,muda_wwar*,round,false,expert,Ratcliffe2021,,,
NigerianArabic-69_round-1-1,NigerianArabic-69_round-1,da:jir,round,false,expert,Ratcliffe2021,,,
MoroccanArabic-70_sand-1-1,MoroccanArabic-70_sand-1,rˁe_mla,sand,false,expert,Ratcliffe2021,,,
Maltese-70_sand-1-1,Maltese-70_sand-1,ram_el,sand,false,expert,Ratcliffe2021,,,
Cairene-70_sand-1-1,Cairene-70_sand-1,ram_l*,sand,false,expert,Ratcliffe2021,,,
Damascene-70_sand-1-1,Damascene-70_sand-1,raməl,sand,false,expert,Ratcliffe2021,,,
Iraqi-70_sand-1-1,Iraqi-70_sand-1,ramu_lˁ,sand,false,expert,Ratcliffe2021,,,
Soukhne-70_sand-1-1,Soukhne-70_sand-1,ramlˁ,sand,false,expert,Ratcliffe2021,,,
GulfArabic-70_sand-1-1,GulfArabic-70_sand-1,ramil,sand,false,expert,Ratcliffe2021,,,
Kinubi-70_sand-1-1,Kinubi-70_sand-1,lumra,sand,false,expert,Ratcliffe2021,,,
MoroccanArabic-71_say-1-1,MoroccanArabic-71_say-1,qal,say,false,expert,Ratcliffe2021,,,
Maltese-71_say-1-1,Maltese-71_say-1,ʔal,say,false,expert,Ratcliffe2021,,,
Cairene-71_say-1-1,Cairene-71_say-1,ʔa:l*,say,false,expert,Ratcliffe2021,,,
Damascene-71_say-1-1,Damascene-71_say-1,ʔa:l,say,false,expert,Ratcliffe2021,,,
Iraqi-71_say-1-1,Iraqi-71_say-1,ga:l,say,false,expert,Ratcliffe2021,,,
Soukhne-71_say-1-1,Soukhne-71_say-1,ka:lˤ,say,false,expert,Ratcliffe2021,,,
AqraArbilArabic-71_say-1-1,AqraArbilArabic-71_say-1,qa:l,say,false,expert,Ratcliffe2021,,,
CypriotArabic-71_say-1-1,CypriotArabic-71_say-1,q-w-_l,say,false,expert,Ratcliffe2021,,,
GulfArabic-71_say-1-1,GulfArabic-71_say-1,gaal,say,false,expert,Ratcliffe2021,,,
YemeniticArabic-71_say-1-1,YemeniticArabic-71_say-1,ga:l,say,false,expert,Ratcliffe2021,,,
NigerianArabic-71_say-1-1,NigerianArabic-71_say-1,ga:l,say,false,expert,Ratcliffe2021,,,
Buxari-71_say-1-1,Buxari-71_say-1,qɔɔl,say,false,expert,Ratcliffe2021,,,
Maltese-72_see-1-1,Maltese-72_see-1,ra,see,false,expert,Ratcliffe2021,,,
AqraArbilArabic-72_see-1-1,AqraArbilArabic-72_see-1,arˁa,see,false,expert,Ratcliffe2021,,,
Damascene-73_seed-1-1,Damascene-73_seed-1,bəzr_e,seed,false,expert,Ratcliffe2021,,,
Iraqi-73_seed-1-1,Iraqi-73_seed-1,bazra,seed,false,expert,Ratcliffe2021,,,
Soukhne-73_seed-1-1,Soukhne-73_seed-1,biðr,seed,false,expert,Ratcliffe2021,,,
AqraArbilArabic-73_seed-1-1,AqraArbilArabic-73_seed-1,bazər_ħabb,seed,false,expert,Ratcliffe2021,,,
CypriotArabic-73_seed-1-1,CypriotArabic-73_seed-1,ptar_b-z-_r,seed,false,expert,Ratcliffe2021,,,
GulfArabic-73_seed-1-1,GulfArabic-73_seed-1,baðr_a,seed,false,expert,Ratcliffe2021,,,
Maltese-74_sit-1-1,Maltese-74_sit-1,ʔaʕa_d,sit,false,expert,Ratcliffe2021,,,
Cairene-74_sit-1-1,Cairene-74_sit-1,ʔaʕa_d,sit,false,expert,Ratcliffe2021,,,
Damascene-74_sit-1-1,Damascene-74_sit-1,ʔaʕad,sit,false,expert,Ratcliffe2021,,,
Iraqi-74_sit-1-1,Iraqi-74_sit-1,giʕad,sit,false,expert,Ratcliffe2021,,,
Soukhne-74_sit-1-1,Soukhne-74_sit-1,kaʕa_d,sit,false,expert,Ratcliffe2021,,,
AqraArbilArabic-74_sit-1-1,AqraArbilArabic-74_sit-1,qəʕə_d,sit,false,expert,Ratcliffe2021,,,
CypriotArabic-74_sit-1-1,CypriotArabic-74_sit-1,q-ʕ-_d,sit,false,expert,Ratcliffe2021,,,
GulfArabic-74_sit-1-1,GulfArabic-74_sit-1,gaʕa_d,sit,false,expert,Ratcliffe2021,,,
NigerianArabic-74_sit-1-1,NigerianArabic-74_sit-1,ga’ad,sit,false,expert,Ratcliffe2021,,,
Buxari-74_sit-1-1,Buxari-74_sit-1,qaʕad,sit,false,expert,Ratcliffe2021,,,
MoroccanArabic-75_skin-1-1,MoroccanArabic-75_skin-1,ʒel_d,skin,false,expert,Ratcliffe2021,,,
Maltese-75_skin-1-1,Maltese-75_skin-1,ʤil_da,skin,false,expert,Ratcliffe2021,,,
Cairene-75_skin-1-1,Cairene-75_skin-1,gild_*,skin,false,expert,Ratcliffe2021,,,
Damascene-75_skin-1-1,Damascene-75_skin-1,ʤələ_d,skin,false,expert,Ratcliffe2021,,,
Iraqi-75_skin-1-1,Iraqi-75_skin-1,ʤilid,skin,false,expert,Ratcliffe2021,,,
Soukhne-75_skin-1-1,Soukhne-75_skin-1,ʦild,skin,false,expert,Ratcliffe2021,,,
AqraArbilArabic-75_skin-1-1,AqraArbilArabic-75_skin-1,ʤəld,skin,false,expert,Ratcliffe2021,,,
GulfArabic-75_skin-1-1,GulfArabic-75_skin-1,ʤild,skin,false,expert,Ratcliffe2021,,,
YemeniticArabic-75_skin-1-1,YemeniticArabic-75_skin-1,ʤild,skin,false,expert,Ratcliffe2021,,,
NigerianArabic-75_skin-1-1,NigerianArabic-75_skin-1,ʤilde,skin,false,expert,Ratcliffe2021,,,
Buxari-75_skin-1-1,Buxari-75_skin-1,dƷild,skin,false,expert,Ratcliffe2021,,,
Kinubi-75_skin-1-1,Kinubi-75_skin-1,Gildu,skin,false,expert,Ratcliffe2021,,,
Cairene-76_sleep-1-1,Cairene-76_sleep-1,naam,sleep,false,expert,Ratcliffe2021,,,
Damascene-76_sleep-1-1,Damascene-76_sleep-1,na:m,sleep,false,expert,Ratcliffe2021,,,
Iraqi-76_sleep-1-1,Iraqi-76_sleep-1,na:m,sleep,false,expert,Ratcliffe2021,,,
Soukhne-76_sleep-1-1,Soukhne-76_sleep-1,na:m,sleep,false,expert,Ratcliffe2021,,,
AqraArbilArabic-76_sleep-1-1,AqraArbilArabic-76_sleep-1,na:m,sleep,false,expert,Ratcliffe2021,,,
CypriotArabic-76_sleep-1-1,CypriotArabic-76_sleep-1,n-w-m,sleep,false,expert,Ratcliffe2021,,,
GulfArabic-76_sleep-1-1,GulfArabic-76_sleep-1,naam,sleep,false,expert,Ratcliffe2021,,,
NigerianArabic-76_sleep-1-1,NigerianArabic-76_sleep-1,no:m,sleep,false,expert,Ratcliffe2021,,,
Buxari-76_sleep-1-1,Buxari-76_sleep-1,naum,sleep,false,expert,Ratcliffe2021,,,
Kinubi-76_sleep-1-1,Kinubi-76_sleep-1,num,sleep,false,expert,Ratcliffe2021,,,
MoroccanArabic-77_small-1-1,MoroccanArabic-77_small-1,sˁγi_rˁ,small,false,expert,Ratcliffe2021,,,
Maltese-77_small-1-1,Maltese-77_small-1,zγir,small,false,expert,Ratcliffe2021,,,
Cairene-77_small-1-1,Cairene-77_small-1,sˁuγ_ajjar,small,false,expert,Ratcliffe2021,,,
Damascene-77_small-1-1,Damascene-77_small-1,zˁγi:r,small,false,expert,Ratcliffe2021,,,
Iraqi-77_small-1-1,Iraqi-77_small-1,sˁγajj_ir,small,false,expert,Ratcliffe2021,,,
Soukhne-77_small-1-1,Soukhne-77_small-1,sˁaγi:_r,small,false,expert,Ratcliffe2021,,,
CypriotArabic-77_small-1-1,CypriotArabic-77_small-1,sˁ-ɣ-_r,small,false,expert,Ratcliffe2021,,,
GulfArabic-77_small-1-1,GulfArabic-77_small-1,sˤaγii_r,small,false,expert,Ratcliffe2021,,,
YemeniticArabic-77_small-1-1,YemeniticArabic-77_small-1,sˁaγi:_r,small,false,expert,Ratcliffe2021,,,
Buxari-77_small-1-1,Buxari-77_small-1,sa,small,false,expert,Ratcliffe2021,,,
Kinubi-77_small-1-1,Kinubi-77_small-1,Sakar,small,false,expert,Ratcliffe2021,,,
MoroccanArabic-78_smoke-1-1,MoroccanArabic-78_smoke-1,dox_xan,smoke,false,expert,Ratcliffe2021,,,
Maltese-78_smoke-1-1,Maltese-78_smoke-1,duħ_ħan,smoke,false,expert,Ratcliffe2021,,,
Cairene-78_smoke-1-1,Cairene-78_smoke-1,dux_xa:n,smoke,false,expert,Ratcliffe2021,,,
Damascene-78_smoke-1-1,Damascene-78_smoke-1,dəxxa_:n,smoke,false,expert,Ratcliffe2021,,,
Iraqi-78_smoke-1-1,Iraqi-78_smoke-1,duxx_a:n,smoke,false,expert,Ratcliffe2021,,,
Soukhne-78_smoke-1-1,Soukhne-78_smoke-1,daxan_i,smoke,false,expert,Ratcliffe2021,,,
CypriotArabic-78_smoke-1-1,CypriotArabic-78_smoke-1,d-x-_n,smoke,false,expert,Ratcliffe2021,,,
GulfArabic-78_smoke-1-1,GulfArabic-78_smoke-1,duxa_an,smoke,false,expert,Ratcliffe2021,,,
YemeniticArabic-78_smoke-1-1,YemeniticArabic-78_smoke-1,duxx_a:n,smoke,false,expert,Ratcliffe2021,,,
NigerianArabic-78_smoke-1-1,NigerianArabic-78_smoke-1,duxa:n,smoke,false,expert,Ratcliffe2021,,,
Kinubi-78_smoke-1-1,Kinubi-78_smoke-1,Dukan,smoke,false,expert,Ratcliffe2021,,,
Maltese-79_stand-1-1,Maltese-79_stand-1,ʔam,stand,false,expert,Ratcliffe2021,,,
Cairene-79_stand-1-1,Cairene-79_stand-1,wiʔi_f,stand,false,expert,Ratcliffe2021,,,
GulfArabic-79_stand-1-1,GulfArabic-79_stand-1,wuga_f,stand,false,expert,Ratcliffe2021,,,
Buxari-79_stand-1-1,Buxari-79_stand-1,qɔm,stand,false,expert,Ratcliffe2021,,,
Kinubi-79_stand-1-1,Kinubi-79_stand-1,Gum,stand,false,expert,Ratcliffe2021,,,
MoroccanArabic-80_star-1-1,MoroccanArabic-80_star-1,neʒ_ma,star,false,expert,Ratcliffe2021,,,
Cairene-80_star-1-1,Cairene-80_star-1,nig_ma*,star,false,expert,Ratcliffe2021,,,
Damascene-80_star-1-1,Damascene-80_star-1,naʤ_me,star,false,expert,Ratcliffe2021,,,
Iraqi-80_star-1-1,Iraqi-80_star-1,naʤ_ma,star,false,expert,Ratcliffe2021,,,
Soukhne-80_star-1-1,Soukhne-80_star-1,niʦm_i,star,false,expert,Ratcliffe2021,,,
CypriotArabic-80_star-1-1,CypriotArabic-80_star-1,n-_ʤ-m,star,false,expert,Ratcliffe2021,,,
GulfArabic-80_star-1-1,GulfArabic-80_star-1,naʤ_ma,star,false,expert,Ratcliffe2021,,,
YemeniticArabic-80_star-1-1,YemeniticArabic-80_star-1,naʤ_m,star,false,expert,Ratcliffe2021,,,
NigerianArabic-80_star-1-1,NigerianArabic-80_star-1,naʤima,star,false,expert,Ratcliffe2021,,,
Buxari-80_star-1-1,Buxari-80_star-1,nudƷum,star,false,expert,Ratcliffe2021,,,
Kinubi-80_star-1-1,Kinubi-80_star-1,*nezma,star,false,expert,Ratcliffe2021,,,
MoroccanArabic-81_stone-1-1,MoroccanArabic-81_stone-1,ħeʒ_ra,stone,false,expert,Ratcliffe2021,,,
Cairene-81_stone-1-1,Cairene-81_stone-1,ħag_arˁa_*,stone,false,expert,Ratcliffe2021,,,
Damascene-81_stone-1-1,Damascene-81_stone-1,ħaʤa_ra,stone,false,expert,Ratcliffe2021,,,
Iraqi-81_stone-1-1,Iraqi-81_stone-1,ħʤa:_ra,stone,false,expert,Ratcliffe2021,,,
Soukhne-81_stone-1-1,Soukhne-81_stone-1,ħaʦa_r,stone,false,expert,Ratcliffe2021,,,
AqraArbilArabic-81_stone-1-1,AqraArbilArabic-81_stone-1,ħaʤa_r,stone,false,expert,Ratcliffe2021,,,
CypriotArabic-81_stone-1-1,CypriotArabic-81_stone-1,ħ-_ʤ-r,stone,false,expert,Ratcliffe2021,,,
GulfArabic-81_stone-1-1,GulfArabic-81_stone-1,ħaʤa_r,stone,false,expert,Ratcliffe2021,,,
YemeniticArabic-81_stone-1-1,YemeniticArabic-81_stone-1,ħaʤa_r,stone,false,expert,Ratcliffe2021,,,
NigerianArabic-81_stone-1-1,NigerianArabic-81_stone-1,hiʤer,stone,false,expert,Ratcliffe2021,,,
Buxari-81_stone-1-1,Buxari-81_stone-1,hadƷar,stone,false,expert,Ratcliffe2021,,,
Kinubi-81_stone-1-1,Kinubi-81_stone-1,Lager,stone,false,expert,Ratcliffe2021,,,
MoroccanArabic-82_sun-1-1,MoroccanArabic-82_sun-1,ʃe_mʃ,sun,false,expert,Ratcliffe2021,,,
Maltese-82_sun-1-1,Maltese-82_sun-1,ʃem_ʃ,sun,false,expert,Ratcliffe2021,,,
Cairene-82_sun-1-1,Cairene-82_sun-1,ʃam_s,sun,false,expert,Ratcliffe2021,,,
Damascene-82_sun-1-1,Damascene-82_sun-1,ʃamə_s,sun,false,expert,Ratcliffe2021,,,
Iraqi-82_sun-1-1,Iraqi-82_sun-1,ʃamis,sun,false,expert,Ratcliffe2021,,,
Soukhne-82_sun-1-1,Soukhne-82_sun-1,ʃams,sun,false,expert,Ratcliffe2021,,,
AqraArbilArabic-82_sun-1-1,AqraArbilArabic-82_sun-1,ʃams,sun,false,expert,Ratcliffe2021,,,
CypriotArabic-82_sun-1-1,CypriotArabic-82_sun-1,ʃimp_s,sun,false,expert,Ratcliffe2021,,,
GulfArabic-82_sun-1-1,GulfArabic-82_sun-1,ʃams,sun,false,expert,Ratcliffe2021,,,
YemeniticArabic-82_sun-1-1,YemeniticArabic-82_sun-1,ʃams,sun,false,expert,Ratcliffe2021,,,
NigerianArabic-82_sun-1-1,NigerianArabic-82_sun-1,ʃam,sun,false,expert,Ratcliffe2021,,,
Buxari-82_sun-1-1,Buxari-82_sun-1,ʃams,sun,false,expert,Ratcliffe2021,,,
Kinubi-82_sun-1-1,Kinubi-82_sun-1,*semsi,sun,false,expert,Ratcliffe2021,,,
Damascene-83_swim-1-1,Damascene-83_swim-1,saba_ħ,swim,false,expert,Ratcliffe2021,,,
Iraqi-83_swim-1-1,Iraqi-83_swim-1,sibaħ,swim,false,expert,Ratcliffe2021,,,
Soukhne-83_swim-1-1,Soukhne-83_swim-1,saba_ħ,swim,false,expert,Ratcliffe2021,,,
AqraArbilArabic-83_swim-1-1,AqraArbilArabic-83_swim-1,zəbə_ħ,swim,false,expert,Ratcliffe2021,,,
GulfArabic-83_swim-1-1,GulfArabic-83_swim-1,sibaħ,swim,false,expert,Ratcliffe2021,,,
Buxari-83_swim-1-1,Buxari-83_swim-1,ṣobħaya_an,swim,false,expert,Ratcliffe2021,,,
Maltese-84_tail-1-1,Maltese-84_tail-1,Den_b,tail,false,expert,Ratcliffe2021,,,
Cairene-84_tail-1-1,Cairene-84_tail-1,dan_ab,tail,false,expert,Ratcliffe2021,,,
Damascene-84_tail-1-1,Damascene-84_tail-1,dana_b,tail,false,expert,Ratcliffe2021,,,
CypriotArabic-84_tail-1-1,CypriotArabic-84_tail-1,ð-n-_b,tail,false,expert,Ratcliffe2021,,,
NigerianArabic-84_tail-1-1,NigerianArabic-84_tail-1,danab,tail,false,expert,Ratcliffe2021,,,
Buxari-84_tail-1-1,Buxari-84_tail-1,zeel,tail,false,expert,Ratcliffe2021,,,
Kinubi-84_tail-1-1,Kinubi-84_tail-1,Danab,tail,false,expert,Ratcliffe2021,,,
MoroccanArabic-85_that-1-1,MoroccanArabic-85_that-1,dak,that,false,expert,Ratcliffe2021,,,
Maltese-85_that-1-1,Maltese-85_that-1,dak,that,false,expert,Ratcliffe2021,,,
Iraqi-85_that-1-1,Iraqi-85_that-1,ða:k,that,false,expert,Ratcliffe2021,,,
Soukhne-85_that-1-1,Soukhne-85_that-1,ða:ʧ,that,false,expert,Ratcliffe2021,,,
AqraArbilArabic-85_that-1-1,AqraArbilArabic-85_that-1,hada:k,that,false,expert,Ratcliffe2021,,,
YemeniticArabic-85_that-1-1,YemeniticArabic-85_that-1,ðajjik,that,false,expert,Ratcliffe2021,,,
NigerianArabic-85_that-1-1,NigerianArabic-85_that-1,ɖˁa:ka,that,false,expert,Ratcliffe2021,,,
Buxari-85_that-1-1,Buxari-85_that-1,duuk,that,false,expert,Ratcliffe2021,,,
MoroccanArabic-86_this-1-1,MoroccanArabic-86_this-1,had,this,false,expert,Ratcliffe2021,,,
Maltese-86_this-1-1,Maltese-86_this-1,din,this,false,expert,Ratcliffe2021,,,
Cairene-86_this-1-1,Cairene-86_this-1,da,this,false,expert,Ratcliffe2021,,,
Damascene-86_this-1-1,Damascene-86_this-1,ha:da,this,false,expert,Ratcliffe2021,,,
Iraqi-86_this-1-1,Iraqi-86_this-1,ha:ða,this,false,expert,Ratcliffe2021,,,
Soukhne-86_this-1-1,Soukhne-86_this-1,ha:,this,false,expert,Ratcliffe2021,,,
AqraArbilArabic-86_this-1-1,AqraArbilArabic-86_this-1,hada:,this,false,expert,Ratcliffe2021,,,
CypriotArabic-86_this-1-1,CypriotArabic-86_this-1,h-ʔ,this,false,expert,Ratcliffe2021,,,
GulfArabic-86_this-1-1,GulfArabic-86_this-1,haað_a,this,false,expert,Ratcliffe2021,,,
NigerianArabic-86_this-1-1,NigerianArabic-86_this-1,da:,this,false,expert,Ratcliffe2021,,,
Buxari-86_this-1-1,Buxari-86_this-1,haa,this,false,expert,Ratcliffe2021,,,
MoroccanArabic-87_thou-1-1,MoroccanArabic-87_thou-1,nta,thou,false,expert,Ratcliffe2021,,,
Maltese-87_thou-1-1,Maltese-87_thou-1,int,thou,false,expert,Ratcliffe2021,,,
Cairene-87_thou-1-1,Cairene-87_thou-1,inta,thou,false,expert,Ratcliffe2021,,,
Damascene-87_thou-1-1,Damascene-87_thou-1,ʔənte,thou,false,expert,Ratcliffe2021,,,
Iraqi-87_thou-1-1,Iraqi-87_thou-1,ʔinta,thou,false,expert,Ratcliffe2021,,,
Soukhne-87_thou-1-1,Soukhne-87_thou-1,int,thou,false,expert,Ratcliffe2021,,,
AqraArbilArabic-87_thou-1-1,AqraArbilArabic-87_thou-1,ənta,thou,false,expert,Ratcliffe2021,,,
CypriotArabic-87_thou-1-1,CypriotArabic-87_thou-1,ʔ-n-t,thou,false,expert,Ratcliffe2021,,,
GulfArabic-87_thou-1-1,GulfArabic-87_thou-1,inta,thou,false,expert,Ratcliffe2021,,,
YemeniticArabic-87_thou-1-1,YemeniticArabic-87_thou-1,ʔant,thou,false,expert,Ratcliffe2021,,,
NigerianArabic-87_thou-1-1,NigerianArabic-87_thou-1,inta,thou,false,expert,Ratcliffe2021,,,
Buxari-87_thou-1-1,Buxari-87_thou-1,hint,thou,false,expert,Ratcliffe2021,,,
Kinubi-87_thou-1-1,Kinubi-87_thou-1,‘ita,thou,false,expert,Ratcliffe2021,,,
MoroccanArabic-88_tongue-1-1,MoroccanArabic-88_tongue-1,lsa_n,tongue,false,expert,Ratcliffe2021,,,
Maltese-88_tongue-1-1,Maltese-88_tongue-1,lsi:n,tongue,false,expert,Ratcliffe2021,,,
Cairene-88_tongue-1-1,Cairene-88_tongue-1,lisa_an*,tongue,false,expert,Ratcliffe2021,,,
Damascene-88_tongue-1-1,Damascene-88_tongue-1,lsa:n,tongue,false,expert,Ratcliffe2021,,,
Iraqi-88_tongue-1-1,Iraqi-88_tongue-1,lisa:n,tongue,false,expert,Ratcliffe2021,,,
Soukhne-88_tongue-1-1,Soukhne-88_tongue-1,lsi:in,tongue,false,expert,Ratcliffe2021,,,
AqraArbilArabic-88_tongue-1-1,AqraArbilArabic-88_tongue-1,seen,tongue,false,expert,Ratcliffe2021,,,
CypriotArabic-88_tongue-1-1,CypriotArabic-88_tongue-1,l-s-n,tongue,false,expert,Ratcliffe2021,,,
GulfArabic-88_tongue-1-1,GulfArabic-88_tongue-1,lisaa_n,tongue,false,expert,Ratcliffe2021,,,
YemeniticArabic-88_tongue-1-1,YemeniticArabic-88_tongue-1,lisaa_n,tongue,false,expert,Ratcliffe2021,,,
NigerianArabic-88_tongue-1-1,NigerianArabic-88_tongue-1,lisa:n,tongue,false,expert,Ratcliffe2021,,,
Buxari-88_tongue-1-1,Buxari-88_tongue-1,li’saan,tongue,false,expert,Ratcliffe2021,,,
Kinubi-88_tongue-1-1,Kinubi-88_tongue-1,*lisaan,tongue,false,expert,Ratcliffe2021,,,
MoroccanArabic-89_tooth-1-1,MoroccanArabic-89_tooth-1,sen_n,tooth,false,expert,Ratcliffe2021,,,
Maltese-89_tooth-1-1,Maltese-89_tooth-1,sins,tooth,false,expert,Ratcliffe2021,,,
Cairene-89_tooth-1-1,Cairene-89_tooth-1,sinn,tooth,false,expert,Ratcliffe2021,,,
Damascene-89_tooth-1-1,Damascene-89_tooth-1,sənn,tooth,false,expert,Ratcliffe2021,,,
Iraqi-89_tooth-1-1,Iraqi-89_tooth-1,sinn,tooth,false,expert,Ratcliffe2021,,,
Soukhne-89_tooth-1-1,Soukhne-89_tooth-1,sinn,tooth,false,expert,Ratcliffe2021,,,
AqraArbilArabic-89_tooth-1-1,AqraArbilArabic-89_tooth-1,s-n-_n,tooth,false,expert,Ratcliffe2021,,,
CypriotArabic-89_tooth-1-1,CypriotArabic-89_tooth-1,snan_s-n-_n,tooth,false,expert,Ratcliffe2021,,,
GulfArabic-89_tooth-1-1,GulfArabic-89_tooth-1,sinn,tooth,false,expert,Ratcliffe2021,,,
YemeniticArabic-89_tooth-1-1,YemeniticArabic-89_tooth-1,sinn,tooth,false,expert,Ratcliffe2021,,,
NigerianArabic-89_tooth-1-1,NigerianArabic-89_tooth-1,sinn,tooth,false,expert,Ratcliffe2021,,,
Kinubi-89_tooth-1-1,Kinubi-89_tooth-1,sunun,tooth,false,expert,Ratcliffe2021,,,
MoroccanArabic-90_tree-1-1,MoroccanArabic-90_tree-1,ʃeʒ_ra,tree,false,expert,Ratcliffe2021,,,
Maltese-90_tree-1-1,Maltese-90_tree-1,siʤ_ra,tree,false,expert,Ratcliffe2021,,,
Cairene-90_tree-1-1,Cairene-90_tree-1,ʃag_ara,tree,false,expert,Ratcliffe2021,,,
Damascene-90_tree-1-1,Damascene-90_tree-1,ʃaʤa_ra,tree,false,expert,Ratcliffe2021,,,
Iraqi-90_tree-1-1,Iraqi-90_tree-1,ʃaʤa_ra,tree,false,expert,Ratcliffe2021,,,
Soukhne-90_tree-1-1,Soukhne-90_tree-1,ʃaʦa_rˁa,tree,false,expert,Ratcliffe2021,,,
AqraArbilArabic-90_tree-1-1,AqraArbilArabic-90_tree-1,ʃəʤa_rˁa,tree,false,expert,Ratcliffe2021,,,
GulfArabic-90_tree-1-1,GulfArabic-90_tree-1,ʃiʤar_a,tree,false,expert,Ratcliffe2021,,,
YemeniticArabic-90_tree-1-1,YemeniticArabic-90_tree-1,ʃiʤar_eh,tree,false,expert,Ratcliffe2021,,,
NigerianArabic-90_tree-1-1,NigerianArabic-90_tree-1,ʃadara,tree,false,expert,Ratcliffe2021,,,
Kinubi-90_tree-1-1,Kinubi-90_tree-1,ʃeder,tree,false,expert,Ratcliffe2021,,,
Maltese-91_two-1-1,Maltese-91_two-1,Tnej_n,two,false,expert,Ratcliffe2021,,,
Cairene-91_two-1-1,Cairene-91_two-1,itne_en,two,false,expert,Ratcliffe2021,,,
Damascene-91_two-1-1,Damascene-91_two-1,tnee_n,two,false,expert,Ratcliffe2021,,,
Iraqi-91_two-1-1,Iraqi-91_two-1,θnee_n,two,false,expert,Ratcliffe2021,,,
Soukhne-91_two-1-1,Soukhne-91_two-1,θnee_n,two,false,expert,Ratcliffe2021,,,
AqraArbilArabic-91_two-1-1,AqraArbilArabic-91_two-1,tənaj_n,two,false,expert,Ratcliffe2021,,,
CypriotArabic-91_two-1-1,CypriotArabic-91_two-1,xnay_n_θ-n-_y,two,false,expert,Ratcliffe2021,,,
GulfArabic-91_two-1-1,GulfArabic-91_two-1,iθnee_n,two,false,expert,Ratcliffe2021,,,
YemeniticArabic-91_two-1-1,YemeniticArabic-91_two-1,θinta_jn,two,false,expert,Ratcliffe2021,,,
NigerianArabic-91_two-1-1,NigerianArabic-91_two-1,tine:n,two,false,expert,Ratcliffe2021,,,
Buxari-91_two-1-1,Buxari-91_two-1,usnaa,two,false,expert,Ratcliffe2021,,,
Kinubi-91_two-1-1,Kinubi-91_two-1,Tinin,two,false,expert,Ratcliffe2021,,,
MoroccanArabic-92_walk-1-1,MoroccanArabic-92_walk-1,mʃ_a,walk,false,expert,Ratcliffe2021,,,
Maltese-92_walk-1-1,Maltese-92_walk-1,meʃ_a,walk,false,expert,Ratcliffe2021,,,
Cairene-92_walk-1-1,Cairene-92_walk-1,miʃi,walk,false,expert,Ratcliffe2021,,,
Damascene-92_walk-1-1,Damascene-92_walk-1,məʃi,walk,false,expert,Ratcliffe2021,,,
Iraqi-92_walk-1-1,Iraqi-92_walk-1,miʃa,walk,false,expert,Ratcliffe2021,,,
Soukhne-92_walk-1-1,Soukhne-92_walk-1,maʃa,walk,false,expert,Ratcliffe2021,,,
AqraArbilArabic-92_walk-1-1,AqraArbilArabic-92_walk-1,məʃi,walk,false,expert,Ratcliffe2021,,,
CypriotArabic-92_walk-1-1,CypriotArabic-92_walk-1,miʃi,walk,false,expert,Ratcliffe2021,,,
GulfArabic-92_walk-1-1,GulfArabic-92_walk-1,miʃa,walk,false,expert,Ratcliffe2021,,,
NigerianArabic-92_walk-1-1,NigerianArabic-92_walk-1,maʃa,walk,false,expert,Ratcliffe2021,,,
Kinubi-92_walk-1-1,Kinubi-92_walk-1,Mashi,walk,false,expert,Ratcliffe2021,,,
MoroccanArabic-93_warm-1-1,MoroccanArabic-93_warm-1,dafi,warm,false,expert,Ratcliffe2021,,,
Cairene-93_warm-1-1,Cairene-93_warm-1,da:fi:*,warm,false,expert,Ratcliffe2021,,,
Iraqi-93_warm-1-1,Iraqi-93_warm-1,da:fi,warm,false,expert,Ratcliffe2021,,,
Soukhne-93_warm-1-1,Soukhne-93_warm-1,di:fi,warm,false,expert,Ratcliffe2021,,,
YemeniticArabic-93_warm-1-1,YemeniticArabic-93_warm-1,da:fi*,warm,false,expert,Ratcliffe2021,,,
MoroccanArabic-94_water-1-1,MoroccanArabic-94_water-1,ma,water,false,expert,Ratcliffe2021,,,
Maltese-94_water-1-1,Maltese-94_water-1,ilma,water,false,expert,Ratcliffe2021,,,
Cairene-94_water-1-1,Cairene-94_water-1,may_ya*,water,false,expert,Ratcliffe2021,,,
Damascene-94_water-1-1,Damascene-94_water-1,mˁajj_,water,false,expert,Ratcliffe2021,,,
Iraqi-94_water-1-1,Iraqi-94_water-1,ma:j,water,false,expert,Ratcliffe2021,,,
Soukhne-94_water-1-1,Soukhne-94_water-1,imi,water,false,expert,Ratcliffe2021,,,
AqraArbilArabic-94_water-1-1,AqraArbilArabic-94_water-1,ma:j,water,false,expert,Ratcliffe2021,,,
CypriotArabic-94_water-1-1,CypriotArabic-94_water-1,m-_w-h,water,false,expert,Ratcliffe2021,,,
GulfArabic-94_water-1-1,GulfArabic-94_water-1,maay,water,false,expert,Ratcliffe2021,,,
YemeniticArabic-94_water-1-1,YemeniticArabic-94_water-1,maaʔ,water,false,expert,Ratcliffe2021,,,
NigerianArabic-94_water-1-1,NigerianArabic-94_water-1,alme,water,false,expert,Ratcliffe2021,,,
Buxari-94_water-1-1,Buxari-94_water-1,maa,water,false,expert,Ratcliffe2021,,,
Kinubi-94_water-1-1,Kinubi-94_water-1,mojo,water,false,expert,Ratcliffe2021,,,
MoroccanArabic-95_we-1-1,MoroccanArabic-95_we-1,ħna,we,false,expert,Ratcliffe2021,,,
Maltese-95_we-1-1,Maltese-95_we-1,aħn_a,we,false,expert,Ratcliffe2021,,,
Cairene-95_we-1-1,Cairene-95_we-1,iħna,we,false,expert,Ratcliffe2021,,,
Damascene-95_we-1-1,Damascene-95_we-1,nəħn_a,we,false,expert,Ratcliffe2021,,,
Iraqi-95_we-1-1,Iraqi-95_we-1,ʔiħna,we,false,expert,Ratcliffe2021,,,
Soukhne-95_we-1-1,Soukhne-95_we-1,iħna,we,false,expert,Ratcliffe2021,,,
AqraArbilArabic-95_we-1-1,AqraArbilArabic-95_we-1,nəħn_a,we,false,expert,Ratcliffe2021,,,
CypriotArabic-95_we-1-1,CypriotArabic-95_we-1,n-ħ-_n,we,false,expert,Ratcliffe2021,,,
GulfArabic-95_we-1-1,GulfArabic-95_we-1,iħna,we,false,expert,Ratcliffe2021,,,
YemeniticArabic-95_we-1-1,YemeniticArabic-95_we-1,ħna,we,false,expert,Ratcliffe2021,,,
NigerianArabic-95_we-1-1,NigerianArabic-95_we-1,ani:na,we,false,expert,Ratcliffe2021,,,
Buxari-95_we-1-1,Buxari-95_we-1,nəħna,we,false,expert,Ratcliffe2021,,,
Kinubi-95_we-1-1,Kinubi-95_we-1,Ina,we,false,expert,Ratcliffe2021,,,
YemeniticArabic-96_what-1-1,YemeniticArabic-96_what-1,ma:_ʔajʃ,what,false,expert,Ratcliffe2021,,,
MoroccanArabic-97_white-1-1,MoroccanArabic-97_white-1,bje_dˁ,white,false,expert,Ratcliffe2021,,,
Maltese-97_white-1-1,Maltese-97_white-1,abja_d,white,false,expert,Ratcliffe2021,,,
Cairene-97_white-1-1,Cairene-97_white-1,abja_dˁ,white,false,expert,Ratcliffe2021,,,
Damascene-97_white-1-1,Damascene-97_white-1,ʔabja_dˁ,white,false,expert,Ratcliffe2021,,,
Iraqi-97_white-1-1,Iraqi-97_white-1,ʔabja_ðˁ,white,false,expert,Ratcliffe2021,,,
Soukhne-97_white-1-1,Soukhne-97_white-1,ʔabja_ðˁ,white,false,expert,Ratcliffe2021,,,
AqraArbilArabic-97_white-1-1,AqraArbilArabic-97_white-1,ʔabja_dˁ,white,false,expert,Ratcliffe2021,,,
CypriotArabic-97_white-1-1,CypriotArabic-97_white-1,apky_að_b-y-_dˁ,white,false,expert,Ratcliffe2021,,,
GulfArabic-97_white-1-1,GulfArabic-97_white-1,ʔabja_dˤ,white,false,expert,Ratcliffe2021,,,
YemeniticArabic-97_white-1-1,YemeniticArabic-97_white-1,ʔabja_ðˁ,white,false,expert,Ratcliffe2021,,,
NigerianArabic-97_white-1-1,NigerianArabic-97_white-1,abjadˁ,white,false,expert,Ratcliffe2021,,,
Buxari-97_white-1-1,Buxari-97_white-1,ʔabiyad,white,false,expert,Ratcliffe2021,,,
Kinubi-97_white-1-1,Kinubi-97_white-1,abja,white,false,expert,Ratcliffe2021,,,
Maltese-98_who-1-1,Maltese-98_who-1,min,who,false,expert,Ratcliffe2021,,,
Cairene-98_who-1-1,Cairene-98_who-1,mi:_n,who,false,expert,Ratcliffe2021,,,
Damascene-98_who-1-1,Damascene-98_who-1,mi:n,who,false,expert,Ratcliffe2021,,,
Iraqi-98_who-1-1,Iraqi-98_who-1,minu,who,false,expert,Ratcliffe2021,,,
Soukhne-98_who-1-1,Soukhne-98_who-1,ma:n,who,false,expert,Ratcliffe2021,,,
AqraArbilArabic-98_who-1-1,AqraArbilArabic-98_who-1,məni,who,false,expert,Ratcliffe2021,,,
CypriotArabic-98_who-1-1,CypriotArabic-98_who-1,m-n,who,false,expert,Ratcliffe2021,,,
GulfArabic-98_who-1-1,GulfArabic-98_who-1,min,who,false,expert,Ratcliffe2021,,,
YemeniticArabic-98_who-1-1,YemeniticArabic-98_who-1,man,who,false,expert,Ratcliffe2021,,,
NigerianArabic-98_who-1-1,NigerianArabic-98_who-1,mine_ja:tu,who,false,expert,Ratcliffe2021,,,
Buxari-98_who-1-1,Buxari-98_who-1,miin,who,false,expert,Ratcliffe2021,,,
Kinubi-98_who-1-1,Kinubi-98_who-1,munu,who,false,expert,Ratcliffe2021,,,
MoroccanArabic-99_woman-1-1,MoroccanArabic-99_woman-1,mr_a,woman,false,expert,Ratcliffe2021,,,
Maltese-99_woman-1-1,Maltese-99_woman-1,mar_a,woman,false,expert,Ratcliffe2021,,,
Damascene-99_woman-1-1,Damascene-99_woman-1,mara,woman,false,expert,Ratcliffe2021,,,
Iraqi-99_woman-1-1,Iraqi-99_woman-1,mara,woman,false,expert,Ratcliffe2021,,,
Soukhne-99_woman-1-1,Soukhne-99_woman-1,mrajj_i,woman,false,expert,Ratcliffe2021,,,
AqraArbilArabic-99_woman-1-1,AqraArbilArabic-99_woman-1,marˁ_a,woman,false,expert,Ratcliffe2021,,,
CypriotArabic-99_woman-1-1,CypriotArabic-99_woman-1,mara_m-r-_ʔ,woman,false,expert,Ratcliffe2021,,,
GulfArabic-99_woman-1-1,GulfArabic-99_woman-1,mara,woman,false,expert,Ratcliffe2021,,,
YemeniticArabic-99_woman-1-1,YemeniticArabic-99_woman-1,mare_h,woman,false,expert,Ratcliffe2021,,,
NigerianArabic-99_woman-1-1,NigerianArabic-99_woman-1,mara,woman,false,expert,Ratcliffe2021,,,
Buxari-99_woman-1-1,Buxari-99_woman-1,ʔimraʔat,woman,false,expert,Ratcliffe2021,,,
Kinubi-99_woman-1-1,Kinubi-99_woman-1,marja,woman,false,expert,Ratcliffe2021,,,
MoroccanArabic-100_yellow-1-1,MoroccanArabic-100_yellow-1,sˁfe_r,yellow,false,expert,Ratcliffe2021,,,
Maltese-100_yellow-1-1,Maltese-100_yellow-1,sfajj_ar,yellow,false,expert,Ratcliffe2021,,,
Cairene-100_yellow-1-1,Cairene-100_yellow-1,asˁf_ar,yellow,false,expert,Ratcliffe2021,,,
Damascene-100_yellow-1-1,Damascene-100_yellow-1,ʔasˁf_ar,yellow,false,expert,Ratcliffe2021,,,
Iraqi-100_yellow-1-1,Iraqi-100_yellow-1,ʔasˁf_ar,yellow,false,expert,Ratcliffe2021,,,
Soukhne-100_yellow-1-1,Soukhne-100_yellow-1,ʔasˁf_ar,yellow,false,expert,Ratcliffe2021,,,
AqraArbilArabic-100_yellow-1-1,AqraArbilArabic-100_yellow-1,asˁfar,yellow,false,expert,Ratcliffe2021,,,
CypriotArabic-100_yellow-1-1,CypriotArabic-100_yellow-1,sˁ-f-_r,yellow,false,expert,Ratcliffe2021,,,
GulfArabic-100_yellow-1-1,GulfArabic-100_yellow-1,ʔasˤf_ar,yellow,false,expert,Ratcliffe2021,,,
YemeniticArabic-100_yellow-1-1,YemeniticArabic-100_yellow-1,ʔasˁf_ar,yellow,false,expert,Ratcliffe2021,,,
NigerianArabic-100_yellow-1-1,NigerianArabic-100_yellow-1,asˁfar,yellow,false,expert,Ratcliffe2021,,,
Buxari-100_yellow-1-1,Buxari-100_yellow-1,ʔasfar,yellow,false,expert,Ratcliffe2021,,,
